pengajuan_rekening_ref,koperasi_ref,nik,penanggung_jawab,nomor_penanggung_jawab,status,kode_bank,nama_bank,dibuat_pada,diperbarui_pada
BUKA-REK-9C99BA3AE481,KOP-2A15D5537D7C,910506**********,PENANGGUNG-JAWAB,0823,Requested,009,BNI,2026-07-04 14:08:53,2026-07-04 14:08:53
BUKA-REK-3D70EBC0F0D0,KOP-0008016CB39E,367202**********,PENANGGUNG-JAWAB,0878,Requested,451,BSI,2026-06-15 00:55:46,2026-06-15 00:55:46
BUKA-REK-640FD3264DC3,KOP-EB298B6C3065,611201**********,PENANGGUNG-JAWAB,0857,Requested,451,BSI,2026-06-07 16:58:50,2026-06-07 16:58:50
BUKA-REK-635EAE186783,KOP-460C9EC421D3,911339**********,PENANGGUNG-JAWAB,0823,Requested,002,BRI,2026-06-04 10:07:04,2026-06-04 10:07:04
BUKA-REK-4E7CDDEFDF94,KOP-9BFB3796B2BF,910603**********,PENANGGUNG-JAWAB,0821,Requested,008,MANDIRI,2026-05-31 22:02:27,2026-05-31 22:02:27
BUKA-REK-A1E9A38A7689,KOP-5BA50B8DF256,720403**********,PENANGGUNG-JAWAB,0813,Requested,451,BSI,2026-05-29 08:21:37,2026-05-29 08:21:37
BUKA-REK-0DD5D4C3E31D,KOP-59F67C37961D,620309**********,PENANGGUNG-JAWAB,0853,Requested,451,BSI,2026-05-25 19:02:38,2026-05-25 19:02:38
BUKA-REK-D57F34455191,KOP-59F67C37961D,620311**********,PENANGGUNG-JAWAB,0823,Requested,008,MANDIRI,2026-05-23 13:26:12,2026-05-23 13:26:12
BUKA-REK-B774DEB16C7E,KOP-59F67C37961D,620311**********,PENANGGUNG-JAWAB,0823,Requested,002,BRI,2026-05-23 13:22:48,2026-05-23 13:22:48
BUKA-REK-3A2CACD3DB27,KOP-D7B327323CBF,140806**********,PENANGGUNG-JAWAB,0821,Requested,008,MANDIRI,2026-05-21 07:40:18,2026-05-21 07:40:18
BUKA-REK-3EA183EE21C7,KOP-3CE88DED87A3,760315**********,PENANGGUNG-JAWAB,0823,Requested,002,BRI,2026-05-19 19:17:48,2026-05-19 19:17:48
BUKA-REK-AB7D1F7D839B,KOP-BD53839B6F24,121808**********,PENANGGUNG-JAWAB,0813,Requested,009,BNI,2026-05-16 19:34:16,2026-05-16 19:34:16
BUKA-REK-C4FCC8D6ED3B,KOP-981ACEE9C4F5,710111**********,PENANGGUNG-JAWAB,0856,Requested,009,BNI,2026-05-15 11:22:53,2026-05-15 11:22:53
BUKA-REK-DBBA35CA244C,KOP-981ACEE9C4F5,710111**********,PENANGGUNG-JAWAB,0856,Requested,451,BSI,2026-05-15 11:21:49,2026-05-15 11:21:49
BUKA-REK-6FBBEC340898,KOP-E25E998E750C,140306**********,PENANGGUNG-JAWAB,0852,Requested,451,BSI,2026-05-13 09:35:28,2026-05-13 09:35:28
BUKA-REK-DD9FFEEBC18F,KOP-A91A3BB53373,741002**********,PENANGGUNG-JAWAB,0822,Requested,002,BRI,2026-05-13 08:49:21,2026-05-13 08:49:21
BUKA-REK-34E60D0EFBE1,KOP-9D1C5B67935D,910608**********,PENANGGUNG-JAWAB,0812,Requested,451,BSI,2026-05-13 08:08:21,2026-05-13 08:08:21
BUKA-REK-F1084307C698,KOP-4F1092DC17E7,360226**********,PENANGGUNG-JAWAB,0838,Requested,009,BNI,2026-05-13 05:30:27,2026-05-13 05:30:27
BUKA-REK-78CCDB92157E,KOP-142CAB18927E,531801**********,PENANGGUNG-JAWAB,0852,Requested,002,BRI,2026-05-11 20:59:43,2026-05-11 20:59:43
BUKA-REK-A236EF4ABB7D,KOP-A33F5FB34FE4,321523**********,PENANGGUNG-JAWAB,0857,Requested,451,BSI,2026-05-09 01:23:04,2026-05-09 01:23:04
BUKA-REK-FBFB29666922,KOP-D7B327323CBF,140806**********,PENANGGUNG-JAWAB,0838,Requested,009,BNI,2026-05-08 23:10:07,2026-05-08 23:10:07
BUKA-REK-CC406D0CD89E,KOP-D7B327323CBF,140806**********,PENANGGUNG-JAWAB,0838,Requested,002,BRI,2026-05-08 23:09:24,2026-05-08 23:09:24
BUKA-REK-8CBE4689C84B,KOP-16F3AD942952,820319**********,PENANGGUNG-JAWAB,0822,Requested,451,BSI,2026-05-08 22:04:52,2026-05-08 22:04:52
BUKA-REK-DDB3F9FEC481,KOP-1F12A9CA1D0D,360129**********,PENANGGUNG-JAWAB,0838,Requested,008,MANDIRI,2026-05-08 19:11:29,2026-05-08 19:11:29
BUKA-REK-A01DB76947C5,KOP-F98C65069165,537102**********,PENANGGUNG-JAWAB,0812,Requested,008,MANDIRI,2026-05-08 11:55:15,2026-05-08 11:55:15
BUKA-REK-B3390085BCEB,KOP-8CFA05384FB1,647303**********,PENANGGUNG-JAWAB,0823,Requested,451,BSI,2026-05-07 22:25:12,2026-05-07 22:25:12
BUKA-REK-23F641362259,KOP-7F89250E7387,820315**********,PENANGGUNG-JAWAB,0813,Requested,002,BRI,2026-05-05 17:46:00,2026-05-05 17:46:00
BUKA-REK-5E82B0D3471C,KOP-A87B26AD21CB,827201**********,PENANGGUNG-JAWAB,0822,Requested,008,MANDIRI,2025-11-03 12:52:30,2025-11-03 12:52:30
BUKA-REK-7E2EF7C3B6BB,KOP-2690831DF259,530608**********,PENANGGUNG-JAWAB,0812,Requested,009,BNI,2025-10-31 17:50:19,2025-10-31 17:50:19
BUKA-REK-7B0878881826,KOP-DE925519B575,320426**********,PENANGGUNG-JAWAB,0813,Requested,009,BNI,2025-10-31 12:46:59,2025-10-31 12:46:59
BUKA-REK-2F2BDC1637DC,KOP-5D7697086A10,111104**********,PENANGGUNG-JAWAB,0823,Requested,451,BSI,2025-10-31 11:58:51,2025-10-31 11:58:51
BUKA-REK-107D01370143,KOP-850CC8CA6BB3,177106**********,PENANGGUNG-JAWAB,0858,Requested,002,BRI,2025-10-31 09:39:59,2025-10-31 09:39:59
BUKA-REK-57E1C95C6061,KOP-A33F5FB34FE4,321523**********,PENANGGUNG-JAWAB,0857,Requested,008,MANDIRI,2025-10-30 18:39:50,2025-10-30 18:39:50
BUKA-REK-BF87B6163395,KOP-66B7AA373F0D,920107**********,PENANGGUNG-JAWAB,0852,Requested,002,BRI,2025-10-30 17:23:28,2025-10-30 17:23:28
BUKA-REK-EBC1680DE1C9,KOP-E3B5376C9227,757106**********,PENANGGUNG-JAWAB,0896,Requested,002,BRI,2025-10-30 13:13:46,2025-10-30 13:13:46
BUKA-REK-9791CF759231,KOP-6C2DD671704B,190305**********,PENANGGUNG-JAWAB,0831,Requested,002,BRI,2025-10-30 12:59:01,2025-10-30 12:59:01
BUKA-REK-5B27077F3185,KOP-24BD3364A450,352506**********,PENANGGUNG-JAWAB,0821,Requested,002,BRI,2025-10-29 23:52:02,2025-10-29 23:52:02
BUKA-REK-2863E3865409,KOP-9B4B3267B4BD,187204**********,PENANGGUNG-JAWAB,0813,Requested,002,BRI,2025-10-29 20:44:34,2025-10-29 20:44:34
BUKA-REK-73FCBB31672E,KOP-DE8845A4F610,161101**********,PENANGGUNG-JAWAB,0821,Requested,002,BRI,2025-10-29 17:45:29,2025-10-29 17:45:29
BUKA-REK-3330FD1F6ED6,KOP-BB17851E4A0F,331517**********,PENANGGUNG-JAWAB,0858,Requested,008,MANDIRI,2025-10-29 14:13:42,2025-10-29 14:13:42
BUKA-REK-15CD8F87C7DA,KOP-21BBDA33CE9E,210315**********,PENANGGUNG-JAWAB,0852,Requested,451,BSI,2025-10-29 13:57:46,2025-10-29 13:57:46
BUKA-REK-139166890650,KOP-0486F421A2A1,640602**********,PENANGGUNG-JAWAB,0853,Requested,002,BRI,2025-10-29 10:35:33,2025-10-29 10:35:33
BUKA-REK-B877ED1092D8,KOP-3AA653AC8E0B,320104**********,PENANGGUNG-JAWAB,0857,Requested,451,BSI,2025-10-29 10:24:19,2025-10-29 10:24:19
BUKA-REK-F8601EFD22E1,KOP-32FE50751DE8,510805**********,PENANGGUNG-JAWAB,0877,Requested,009,BNI,2025-10-29 07:26:46,2025-10-29 07:26:46
BUKA-REK-6136EE7F669A,KOP-3E8D9E0E040E,210107**********,PENANGGUNG-JAWAB,0852,Requested,009,BNI,2025-10-28 18:41:09,2025-10-28 18:41:09
BUKA-REK-DD27B95A389D,KOP-8F2EEC8A36F1,332409**********,PENANGGUNG-JAWAB,0896,Requested,002,BRI,2025-10-28 14:23:28,2025-10-28 14:23:28
BUKA-REK-584E2C83A295,KOP-3161DD663B75,760205**********,PENANGGUNG-JAWAB,0853,Requested,009,BNI,2025-10-28 10:57:45,2025-10-28 10:57:45
BUKA-REK-0DC9AF5864D7,KOP-73EC9B6B3C35,731605**********,PENANGGUNG-JAWAB,0812,Requested,002,BRI,2025-10-28 08:57:20,2025-10-28 08:57:20
BUKA-REK-DEFF838B0FD9,KOP-108A8EE3E095,127107**********,PENANGGUNG-JAWAB,0812,Requested,002,BRI,2025-10-27 22:08:15,2025-10-27 22:08:15
BUKA-REK-A98D6F05B55D,KOP-917A6AF86FF0,190204**********,PENANGGUNG-JAWAB,0813,Requested,008,MANDIRI,2025-10-27 15:09:13,2025-10-27 15:09:13
BUKA-REK-BF83E156AF39,KOP-F7622039D025,910901**********,PENANGGUNG-JAWAB,0812,Requested,009,BNI,2025-10-27 13:48:14,2025-10-27 13:48:14
BUKA-REK-6E5BA3D595AD,KOP-EF5ACBA3150E,317204**********,PENANGGUNG-JAWAB,0813,Requested,009,BNI,2025-10-27 11:10:18,2025-10-27 11:10:18
BUKA-REK-494BA431B6AB,KOP-20AFEE9EF17A,317510**********,PENANGGUNG-JAWAB,0815,Requested,009,BNI,2025-10-27 11:05:23,2025-10-27 11:05:23
BUKA-REK-9CD29136EF2E,KOP-914D24CCF8E9,631103**********,PENANGGUNG-JAWAB,0852,Requested,002,BRI,2025-10-27 10:23:53,2025-10-27 10:23:53
BUKA-REK-986918F714EF,KOP-0C6F57BB2B82,350608**********,PENANGGUNG-JAWAB,0822,Requested,451,BSI,2025-10-26 23:41:59,2025-10-26 23:41:59
BUKA-REK-59348981DA1B,KOP-2A125B191DA4,640211**********,PENANGGUNG-JAWAB,0822,Requested,008,MANDIRI,2025-10-26 08:43:11,2025-10-26 08:43:11
BUKA-REK-5CC02758CFCD,KOP-E3DDC9985E3D,527106**********,PENANGGUNG-JAWAB,0819,Requested,008,MANDIRI,2025-10-25 19:31:25,2025-10-25 19:31:25
BUKA-REK-79329BD3C462,KOP-A6AF0BADCDDE,737103**********,PENANGGUNG-JAWAB,0823,Requested,009,BNI,2025-10-25 10:08:36,2025-10-25 10:08:36
BUKA-REK-393C85816DAD,KOP-CC1972024730,170314**********,PENANGGUNG-JAWAB,0822,Requested,008,MANDIRI,2025-10-25 10:07:14,2025-10-25 10:07:14
BUKA-REK-E7ED28E88468,KOP-DC49DDE9EE45,350509**********,PENANGGUNG-JAWAB,0856,Requested,009,BNI,2025-10-24 22:17:33,2025-10-24 22:17:33
BUKA-REK-08686AD42BB2,KOP-B10523F35440,920503**********,PENANGGUNG-JAWAB,0821,Requested,008,MANDIRI,2025-10-24 16:50:17,2025-10-24 16:50:17
BUKA-REK-5DBCAD625154,KOP-BB7D0D13E3C3,910406**********,PENANGGUNG-JAWAB,0852,Requested,002,BRI,2025-10-24 08:44:57,2025-10-24 08:44:57
BUKA-REK-30008AA0D4AF,KOP-264CA3E1D1B3,911102**********,PENANGGUNG-JAWAB,0852,Requested,002,BRI,2025-10-23 16:55:16,2025-10-23 16:55:16
BUKA-REK-D175C2A392D5,KOP-DFE153F97E1F,130407**********,PENANGGUNG-JAWAB,0812,Requested,451,BSI,2025-10-23 11:19:30,2025-10-23 11:19:30
BUKA-REK-0445AAB67144,KOP-73222CE7E94F,740119**********,PENANGGUNG-JAWAB,0823,Requested,002,BRI,2025-10-23 09:12:58,2025-10-23 09:12:58
BUKA-REK-8ABF7E66B414,KOP-B71E10814785,167302**********,PENANGGUNG-JAWAB,0813,Requested,009,BNI,2025-10-22 23:18:44,2025-10-22 23:18:44
BUKA-REK-9D8CFA412AEA,KOP-94D0B0AE1C4A,120723**********,PENANGGUNG-JAWAB,0812,Requested,008,MANDIRI,2025-10-22 19:56:34,2025-10-22 19:56:34
BUKA-REK-4EBFC3FAC69F,KOP-080A459288FD,130608**********,PENANGGUNG-JAWAB,0823,Requested,009,BNI,2025-10-22 19:35:44,2025-10-22 19:35:44
BUKA-REK-55169D530C89,KOP-88B70DAEF086,527202**********,PENANGGUNG-JAWAB,0852,Requested,009,BNI,2025-10-22 16:19:19,2025-10-22 16:19:19
BUKA-REK-234B99171A40,KOP-29AF09BE73D0,750207**********,PENANGGUNG-JAWAB,0822,Requested,009,BNI,2025-10-22 15:03:16,2025-10-22 15:03:16
BUKA-REK-B18613494F78,KOP-39FB3B8244BE,610104**********,PENANGGUNG-JAWAB,0852,Requested,008,MANDIRI,2025-10-22 10:37:20,2025-10-22 10:37:20
BUKA-REK-CB0FA4722E0C,KOP-B3ED1329AAF0,820321**********,PENANGGUNG-JAWAB,0821,Requested,002,BRI,2025-10-21 17:21:31,2025-10-21 17:21:31
BUKA-REK-357B6E0EC10D,KOP-24BD3364A450,352506**********,PENANGGUNG-JAWAB,0821,Requested,008,MANDIRI,2025-10-21 17:19:00,2025-10-21 17:19:00
BUKA-REK-FB2A5DEED8D7,KOP-E06186BDB35F,210115**********,PENANGGUNG-JAWAB,0852,Requested,008,MANDIRI,2025-10-21 13:34:04,2025-10-21 13:34:04
BUKA-REK-8C142CE0E7DD,KOP-E06186BDB35F,357103**********,PENANGGUNG-JAWAB,0822,Requested,002,BRI,2025-10-21 13:33:22,2025-10-21 13:33:22
BUKA-REK-4DEAA176E27C,KOP-4F59D4259589,340103**********,PENANGGUNG-JAWAB,0852,Requested,002,BRI,2025-10-21 06:36:46,2025-10-21 06:36:46
BUKA-REK-ADC1D5571991,KOP-996140778E47,131004**********,PENANGGUNG-JAWAB,0813,Requested,008,MANDIRI,2025-10-20 22:39:56,2025-10-20 22:39:56
BUKA-REK-2AD20E50A22A,KOP-9CF694F6F128,520618**********,PENANGGUNG-JAWAB,0853,Requested,002,BRI,2025-10-20 21:50:37,2025-10-20 21:50:37
BUKA-REK-E3491F21E3B3,KOP-CF31F5BDB512,150505**********,PENANGGUNG-JAWAB,0811,Requested,451,BSI,2025-10-20 21:31:39,2025-10-20 21:31:39
BUKA-REK-0AFFE0C11307,KOP-49E8A0C26BF9,321223**********,PENANGGUNG-JAWAB,0812,Requested,000,LPDB,2025-10-20 18:58:04,2025-10-20 18:58:04
BUKA-REK-E751A2BFC6CD,KOP-490352630B52,637202**********,PENANGGUNG-JAWAB,0811,Requested,008,MANDIRI,2025-10-20 17:21:50,2025-10-20 17:21:50
BUKA-REK-4F1D10DD4DF2,KOP-91C012E83297,327302**********,PENANGGUNG-JAWAB,0878,Requested,002,BRI,2025-10-19 19:37:55,2025-10-19 19:37:55
BUKA-REK-E103FEE753D5,KOP-C0921262041D,647104**********,PENANGGUNG-JAWAB,0813,Requested,002,BRI,2025-10-17 20:39:47,2025-10-17 20:39:47
BUKA-REK-8DFA27DEBAAA,KOP-037CD49608C6,750104**********,PENANGGUNG-JAWAB,0822,Requested,008,MANDIRI,2025-10-17 16:16:54,2025-10-17 16:16:54
BUKA-REK-D00BCC9A2502,KOP-39FB3B8244BE,610104**********,PENANGGUNG-JAWAB,0812,Requested,009,BNI,2025-10-16 21:25:11,2025-10-16 21:25:11
BUKA-REK-D676661E25FC,KOP-A23F291D3EE0,367208**********,PENANGGUNG-JAWAB,0817,Requested,002,BRI,2025-10-16 11:32:14,2025-10-16 11:32:14
BUKA-REK-FBC5C97B249B,KOP-155A45B3A627,137106**********,PENANGGUNG-JAWAB,0821,Requested,009,BNI,2025-10-16 09:38:39,2025-10-16 09:38:39
BUKA-REK-EA528B5171E9,KOP-155A45B3A627,137106**********,PENANGGUNG-JAWAB,0821,Requested,002,BRI,2025-10-16 09:38:07,2025-10-16 09:38:07
BUKA-REK-8CFD0B90C910,KOP-E66A1D0F1E5A,760201**********,PENANGGUNG-JAWAB,0821,Requested,200,BTN,2025-10-16 08:08:45,2025-10-16 08:08:45
BUKA-REK-703731A2092F,KOP-B98F13541D64,351810**********,PENANGGUNG-JAWAB,0857,Requested,451,BSI,2025-10-15 14:21:55,2025-10-15 14:21:55
BUKA-REK-E9FF2B12FEC0,KOP-9DE7EF48876F,810515**********,PENANGGUNG-JAWAB,0813,Requested,002,BRI,2025-10-14 08:46:41,2025-10-14 08:46:41
BUKA-REK-9475F2084D07,KOP-8D427607559E,747109**********,PENANGGUNG-JAWAB,0821,Requested,009,BNI,2025-10-13 00:44:41,2025-10-13 00:44:41
BUKA-REK-40C851F5CF79,KOP-83C113FE9E39,140702**********,PENANGGUNG-JAWAB,0813,Requested,002,BRI,2025-09-17 22:08:35,2025-09-17 22:08:35
BUKA-REK-4CD219D74D6A,KOP-6157B13854A9,757103**********,PENANGGUNG-JAWAB,0877,Requested,200,BTN,2025-10-12 16:04:30,2025-10-12 16:04:30
BUKA-REK-957E8DADF23A,KOP-7369BBC68FBF,180527**********,PENANGGUNG-JAWAB,0813,Requested,008,MANDIRI,2025-10-12 14:42:26,2025-10-12 14:42:26
BUKA-REK-05D4C22C6A2F,KOP-F0DE10C14A88,717403**********,PENANGGUNG-JAWAB,0858,Requested,008,MANDIRI,2025-10-12 10:42:33,2025-10-12 10:42:33
BUKA-REK-4BCC97266A80,KOP-68CF6B60E141,920503**********,PENANGGUNG-JAWAB,0822,Requested,009,BNI,2025-10-08 16:53:09,2025-10-08 16:53:09
BUKA-REK-C5A985BDF2DF,KOP-258134A5433D,617106**********,PENANGGUNG-JAWAB,0857,Requested,002,BRI,2025-10-08 11:04:49,2025-10-08 11:04:49
BUKA-REK-41E4653C3CCF,KOP-FCFDC796DF20,740306**********,PENANGGUNG-JAWAB,0813,Requested,008,MANDIRI,2025-10-07 21:21:25,2025-10-07 21:21:25
BUKA-REK-135716D054C8,KOP-BF017F60BE43,167105**********,PENANGGUNG-JAWAB,0812,Requested,008,MANDIRI,2025-10-07 20:33:54,2025-10-07 20:33:54
BUKA-REK-C47982915B06,KOP-A04BE39626D6,920207**********,PENANGGUNG-JAWAB,0852,Requested,002,BRI,2025-10-07 02:03:45,2025-10-07 02:03:45
BUKA-REK-8A5274B11DB4,KOP-B6E872120528,160311**********,PENANGGUNG-JAWAB,0895,Requested,009,BNI,2025-10-06 22:18:39,2025-10-06 22:18:39
BUKA-REK-281276C938C1,KOP-4D254395D0D1,810201**********,PENANGGUNG-JAWAB,0813,Requested,008,MANDIRI,2025-10-06 19:34:21,2025-10-06 19:34:21
BUKA-REK-2E4B3A56344D,KOP-C7158369B236,820106**********,PENANGGUNG-JAWAB,0813,Requested,009,BNI,2025-10-05 23:26:06,2025-10-05 23:26:06
BUKA-REK-9B21CAC54B83,KOP-5275CFC74113,640205**********,PENANGGUNG-JAWAB,0821,Requested,009,BNI,2025-10-05 20:17:03,2025-10-05 20:17:03
BUKA-REK-CB6A0E0921C1,KOP-901A754C4E7E,190304**********,PENANGGUNG-JAWAB,0813,Requested,009,BNI,2025-09-30 17:32:43,2025-09-30 17:32:43
BUKA-REK-452102CF5123,KOP-9C828999A1C7,510802**********,PENANGGUNG-JAWAB,0877,Requested,008,MANDIRI,2025-09-29 10:29:12,2025-09-29 10:29:12
BUKA-REK-6997C5346DC1,KOP-8D427607559E,747109**********,PENANGGUNG-JAWAB,0821,Requested,451,BSI,2025-09-25 22:08:30,2025-09-25 22:08:30
BUKA-REK-B7A815D6FB0F,KOP-3DF5D57B3213,340414**********,PENANGGUNG-JAWAB,0851,Requested,008,MANDIRI,2025-09-25 13:47:59,2025-09-25 13:47:59
BUKA-REK-C9A16A486976,KOP-F914D9A13DCE,130108**********,PENANGGUNG-JAWAB,0821,Requested,200,BTN,2025-09-25 05:42:43,2025-09-25 05:42:43
BUKA-REK-835F927CADC8,KOP-031C6E5CEF45,190502**********,PENANGGUNG-JAWAB,0822,Requested,451,BSI,2025-09-24 19:51:27,2025-09-24 19:51:27
BUKA-REK-4731C1FB4FAD,KOP-F0C772121AC9,150604**********,PENANGGUNG-JAWAB,0813,Requested,002,BRI,2025-09-23 15:58:49,2025-09-23 15:58:49
BUKA-REK-6EB63799FB8A,KOP-1F68563667D5,127704**********,PENANGGUNG-JAWAB,0811,Requested,200,BTN,2025-09-23 09:35:40,2025-09-23 09:35:40
BUKA-REK-56D3A53A539C,KOP-84C1E3209229,647303**********,PENANGGUNG-JAWAB,0822,Requested,008,MANDIRI,2025-09-22 06:58:04,2025-09-22 06:58:04
BUKA-REK-1591905236B5,KOP-89AE215F9CF7,117109**********,PENANGGUNG-JAWAB,0812,Requested,002,BRI,2025-09-17 19:39:26,2025-09-17 19:39:26
BUKA-REK-D4941CA29F94,KOP-ACF8EA201685,340310**********,PENANGGUNG-JAWAB,0882,Requested,200,BTN,2025-09-15 09:16:26,2025-09-15 09:16:26
BUKA-REK-631D9D37D0E4,KOP-257AFE0680F1,911801**********,PENANGGUNG-JAWAB,0811,Requested,002,BRI,2025-09-10 15:27:26,2025-09-10 15:27:26
BUKA-REK-E65C2934C27A,KOP-FD35145C1FC3,627103**********,PENANGGUNG-JAWAB,0812,Requested,000,LPDB,2025-09-10 15:27:24,2025-09-10 15:27:24
BUKA-REK-35A3C8D3D745,KOP-EF6DD2F55464,730506**********,PENANGGUNG-JAWAB,0823,Requested,008,MANDIRI,2025-09-10 15:27:23,2025-09-10 15:27:23
BUKA-REK-C1590401E4AA,KOP-AD632605703A,720306**********,PENANGGUNG-JAWAB,0823,Requested,009,BNI,2025-09-10 15:27:23,2025-09-10 15:27:23
BUKA-REK-C1C12C73EB37,KOP-2D8FA7709884,517103**********,PENANGGUNG-JAWAB,0878,Requested,002,BRI,2025-09-10 15:27:21,2025-09-10 15:27:21
BUKA-REK-93DCD2D0C25B,KOP-2280C6DE9351,352314***********,PENANGGUNG-JAWAB,0896,Requested,000,LPDB,2025-09-10 15:27:20,2025-09-10 15:27:20
BUKA-REK-5D06CDDAAF94,KOP-10819F596172,340406**********,PENANGGUNG-JAWAB,0857,Requested,000,LPDB,2025-09-10 15:27:17,2025-09-10 15:27:17
BUKA-REK-A175D593E8A8,KOP-CA0AB99FA492,340410**********,PENANGGUNG-JAWAB,0815,Requested,009,BNI,2025-09-10 15:27:17,2025-09-10 15:27:17
BUKA-REK-2ABE5A954BB6,KOP-5EA12DB519DC,180813**********,PENANGGUNG-JAWAB,0812,Requested,000,LPDB,2025-09-10 15:27:15,2025-09-10 15:27:15
BUKA-REK-6024F80095D6,KOP-F2A6BA286E28,150222**********,PENANGGUNG-JAWAB,0859,Requested,008,MANDIRI,2025-09-10 15:27:12,2025-09-10 15:27:12
BUKA-REK-B3CD97F04072,KOP-40814D0BF315,150507**********,PENANGGUNG-JAWAB,0852,Requested,009,BNI,2025-09-10 15:27:12,2025-09-10 15:27:12
BUKA-REK-46EC672973EC,KOP-B34B3FB96A3F,111701**********,PENANGGUNG-JAWAB,0813,Requested,000,LPDB,2025-09-10 15:27:08,2025-09-10 15:27:08
BUKA-REK-DCE52F35EB84,KOP-514ABA614D51,190304**********,PENANGGUNG-JAWAB,0857,Requested,200,BTN,2025-09-09 09:44:45,2025-09-09 09:44:45
BUKA-REK-5BF1711CB807,KOP-E54DB9684179,351007**********,PENANGGUNG-JAWAB,0811,Requested,009,BNI,2025-09-08 13:42:09,2025-09-08 13:42:09
BUKA-REK-54AF3F6AD123,KOP-EEE70C54C827,620301**********,PENANGGUNG-JAWAB,0852,Requested,009,BNI,2025-09-04 19:10:35,2025-09-04 19:10:35
BUKA-REK-02F86B059958,KOP-6468387C8045,317405**********,PENANGGUNG-JAWAB,0815,Requested,002,BRI,2025-09-04 17:22:53,2025-09-04 17:22:53
BUKA-REK-11AE25864A4F,KOP-81BA65E70134,317505**********,PENANGGUNG-JAWAB,0819,Requested,008,MANDIRI,2025-09-02 22:17:56,2025-09-02 22:17:56
BUKA-REK-FDDB653A7308,KOP-9B2DCAB85CB7,760502**********,PENANGGUNG-JAWAB,0838,Requested,451,BSI,2025-09-02 10:36:58,2025-09-02 10:36:58
BUKA-REK-B9FD92C602F9,KOP-C8099050DCA6,332002**********,PENANGGUNG-JAWAB,0812,Requested,451,BSI,2025-08-28 19:35:45,2025-09-01 15:47:38
BUKA-REK-D6446F4895B9,KOP-85B912097BC2,340207**********,PENANGGUNG-JAWAB,0898,Requested,451,BSI,2025-08-28 18:34:20,2025-09-01 15:47:38
BUKA-REK-9FFDF7DB5574,KOP-63C7EA019DA0,320308**********,PENANGGUNG-JAWAB,0858,Requested,200,BTN,2025-08-28 10:48:16,2025-09-01 15:47:37
BUKA-REK-59BFADCA1A5E,KOP-48550C595C35,720506**********,PENANGGUNG-JAWAB,0812,Requested,008,MANDIRI,2025-08-21 11:18:36,2025-09-01 15:47:34
BUKA-REK-F062E9FF1CCF,KOP-81BA65E70134,317505**********,PENANGGUNG-JAWAB,0877,Requested,451,BSI,2025-08-21 02:56:01,2025-09-01 15:47:34
BUKA-REK-02DD737D3F01,KOP-8FCC4B34CC5B,520203**********,PENANGGUNG-JAWAB,0878,Requested,200,BTN,2025-08-18 15:01:34,2025-09-01 15:47:33
BUKA-REK-0CB0342122D7,KOP-8FCC4B34CC5B,520203**********,PENANGGUNG-JAWAB,0878,Requested,451,BSI,2025-08-18 15:01:34,2025-09-01 15:47:33
BUKA-REK-7BE20D280560,KOP-5EA12DB519DC,180813**********,PENANGGUNG-JAWAB,0823,Requested,200,BTN,2025-08-13 16:27:29,2025-09-01 15:47:32
BUKA-REK-27EDDC6F1FF5,KOP-F95007758A9A,810410**********,PENANGGUNG-JAWAB,0812,Requested,009,BNI,2025-08-08 14:51:33,2025-09-01 15:47:32
BUKA-REK-0D74DA3F01CB,KOP-9177EE1886B7,630102**********,PENANGGUNG-JAWAB,0822,Requested,009,BNI,2025-07-26 21:17:08,2025-09-01 15:47:29
BUKA-REK-E0E3C5AF3367,KOP-460C9EC421D3,911339**********,PENANGGUNG-JAWAB,0823,Requested,002,BRI,2026-05-29 12:53:29,2026-05-29 12:53:29
BUKA-REK-618ACE76977C,KOP-6E93D73BC273,620505**********,PENANGGUNG-JAWAB,0822,Requested,451,BSI,2026-05-11 04:16:25,2026-05-11 04:16:25
BUKA-REK-6A84C97F0B06,KOP-D7B327323CBF,140806**********,PENANGGUNG-JAWAB,0838,Requested,008,MANDIRI,2026-05-08 23:07:48,2026-05-08 23:07:48
BUKA-REK-8AB7C45565A4,KOP-C00BCF305256,820417**********,PENANGGUNG-JAWAB,0813,Requested,451,BSI,2026-05-08 15:05:15,2026-05-08 15:05:15
BUKA-REK-77A7C37916C2,KOP-D7B327323CBF,140806**********,PENANGGUNG-JAWAB,0838,Requested,451,BSI,2026-05-07 15:49:45,2026-05-07 15:49:45
BUKA-REK-565DA2FB372A,KOP-E20C5F9BC273,620102**********,PENANGGUNG-JAWAB,0811,Requested,002,BRI,2025-10-31 08:57:59,2025-10-31 08:57:59
BUKA-REK-8102CCE0B503,KOP-DD3DF6DD32F7,190305**********,PENANGGUNG-JAWAB,0819,Requested,002,BRI,2025-10-29 11:00:47,2025-10-29 11:00:47
BUKA-REK-B5B254005E31,KOP-12F173371A2A,721006**********,PENANGGUNG-JAWAB,0813,Requested,002,BRI,2025-10-28 21:16:08,2025-10-28 21:16:08
BUKA-REK-91FD5939F868,KOP-142CAB18927E,531801**********,PENANGGUNG-JAWAB,0852,Requested,008,MANDIRI,2025-10-28 19:49:44,2025-10-28 19:49:44
BUKA-REK-46177A3E36E2,KOP-142CAB18927E,531801**********,PENANGGUNG-JAWAB,0852,Requested,009,BNI,2025-10-28 19:48:54,2025-10-28 19:48:54
BUKA-REK-9A5E52560C6B,KOP-3E8D9E0E040E,210107**********,PENANGGUNG-JAWAB,0852,Requested,009,BNI,2025-10-28 18:39:08,2025-10-28 18:39:08
BUKA-REK-E707F20DC354,KOP-A721EE0D4EC2,110407**********,PENANGGUNG-JAWAB,0822,Requested,451,BSI,2025-10-28 18:24:10,2025-10-28 18:24:10
BUKA-REK-9DE5F4ED2731,KOP-C983789507C7,320801**********,PENANGGUNG-JAWAB,0812,Requested,009,BNI,2025-10-28 15:01:10,2025-10-28 15:01:10
BUKA-REK-8352754927EC,KOP-4A5C68AF384B,350733**********,PENANGGUNG-JAWAB,0815,Requested,002,BRI,2025-10-28 11:45:00,2025-10-28 11:45:00
BUKA-REK-D4B1637235E8,KOP-5CA94A0C4B3C,531013**********,PENANGGUNG-JAWAB,0852,Requested,002,BRI,2025-10-28 08:31:08,2025-10-28 08:31:08
BUKA-REK-593AD7E3D6A0,KOP-0ECE0B92F990,820107**********,PENANGGUNG-JAWAB,0812,Requested,002,BRI,2025-10-27 18:25:23,2025-10-27 18:25:23
BUKA-REK-183DD4A74338,KOP-1C328A84B693,760404**********,PENANGGUNG-JAWAB,0811,Requested,009,BNI,2025-10-27 16:35:20,2025-10-27 16:35:20
BUKA-REK-C32C227C7A45,KOP-20AFEE9EF17A,331004**********,PENANGGUNG-JAWAB,0857,Requested,009,BNI,2025-10-27 10:56:07,2025-10-27 10:56:07
BUKA-REK-1619AE5DAA78,KOP-ECEF583E17AF,927102**********,PENANGGUNG-JAWAB,0812,Requested,002,BRI,2025-10-27 04:06:54,2025-10-27 04:06:54
BUKA-REK-5DB608018556,KOP-6158AFE5F3AE,120823**********,PENANGGUNG-JAWAB,0823,Requested,002,BRI,2025-10-25 22:00:01,2025-10-25 22:00:01
BUKA-REK-2FD37537F7C7,KOP-31BDA0B59F0C,360402**********,PENANGGUNG-JAWAB,0818,Requested,008,MANDIRI,2025-10-25 17:09:33,2025-10-25 17:09:33
BUKA-REK-0616DD042B36,KOP-9B6B98CBB8C4,180122**********,PENANGGUNG-JAWAB,0852,Requested,002,BRI,2025-10-24 11:21:33,2025-10-24 11:21:33
BUKA-REK-32CA9F2D6F16,KOP-AFEDFE1CCAE9,730809**********,PENANGGUNG-JAWAB,0895,Requested,002,BRI,2025-10-23 22:48:43,2025-10-23 22:48:43
BUKA-REK-4C5787D691D7,KOP-BF266A1A158E,170314**********,PENANGGUNG-JAWAB,0853,Requested,002,BRI,2025-10-23 15:24:39,2025-10-23 15:24:39
BUKA-REK-2DD3EC14070D,KOP-26C6E4DB5EA2,160410**********,PENANGGUNG-JAWAB,0821,Requested,002,BRI,2025-10-23 10:59:38,2025-10-23 10:59:38
BUKA-REK-5E7B2C2B2197,KOP-7E266C022819,910903**********,PENANGGUNG-JAWAB,0821,Requested,002,BRI,2025-10-22 22:38:05,2025-10-22 22:38:05
BUKA-REK-243CC4F256F9,KOP-3FB23560B8B0,140119**********,PENANGGUNG-JAWAB,0822,Requested,002,BRI,2025-10-22 19:42:19,2025-10-22 19:42:19
BUKA-REK-63BA03CC94AB,KOP-EE531CFF22F0,332213**********,PENANGGUNG-JAWAB,0819,Requested,008,MANDIRI,2025-10-22 17:14:58,2025-10-22 17:14:58
BUKA-REK-D43C194EC9DB,KOP-46C1BE2A1C84,360307**********,PENANGGUNG-JAWAB,0819,Requested,451,BSI,2025-10-22 15:55:16,2025-10-22 15:55:16
BUKA-REK-6C2BFEA63157,KOP-D0B8B752DB94,630709**********,PENANGGUNG-JAWAB,0812,Requested,002,BRI,2025-10-22 12:40:37,2025-10-22 12:40:37
BUKA-REK-7B9B49F6B3F8,KOP-3FB23560B8B0,140119**********,PENANGGUNG-JAWAB,0822,Requested,009,BNI,2025-10-22 11:49:58,2025-10-22 11:49:58
BUKA-REK-68B8B1B61255,KOP-4257FD47875B,360411**********,PENANGGUNG-JAWAB,0831,Requested,008,MANDIRI,2025-10-22 09:34:43,2025-10-22 09:34:43
BUKA-REK-5C6E90885D5B,KOP-BB0674AB9178,760302**********,PENANGGUNG-JAWAB,0852,Requested,002,BRI,2025-10-21 17:01:29,2025-10-21 17:01:29
BUKA-REK-F6AAFCE1237F,KOP-A06DD3664C87,121320**********,PENANGGUNG-JAWAB,0812,Requested,008,MANDIRI,2025-10-21 11:41:14,2025-10-21 11:41:14
BUKA-REK-5CC9D61DB6CB,KOP-86D18F4668E6,177106**********,PENANGGUNG-JAWAB,0852,Requested,008,MANDIRI,2025-10-21 10:39:12,2025-10-21 10:39:12
BUKA-REK-CA053167C001,KOP-0078F95BF9F4,610109**********,PENANGGUNG-JAWAB,0851,Requested,008,MANDIRI,2025-10-21 05:02:15,2025-10-21 05:02:15
BUKA-REK-15B4F6E977CB,KOP-D4C9F126CEBC,520305**********,PENANGGUNG-JAWAB,0877,Requested,002,BRI,2025-10-20 21:50:19,2025-10-20 21:50:19
BUKA-REK-8B083117C7FD,KOP-9CF694F6F128,520618**********,PENANGGUNG-JAWAB,0853,Requested,009,BNI,2025-10-20 20:49:46,2025-10-20 20:49:46
BUKA-REK-9336BA13DF16,KOP-49E8A0C26BF9,321223**********,PENANGGUNG-JAWAB,0812,Requested,451,BSI,2025-10-20 18:56:20,2025-10-20 18:56:20
BUKA-REK-D7E463F54EF9,KOP-B032BB8D80E4,620201**********,PENANGGUNG-JAWAB,0821,Requested,008,MANDIRI,2025-10-20 16:55:21,2025-10-20 16:55:21
BUKA-REK-1C1CA29DC9E8,KOP-09269AEF4A63,927102**********,PENANGGUNG-JAWAB,0821,Requested,008,MANDIRI,2025-10-20 10:19:38,2025-10-20 10:19:38
BUKA-REK-77C8FC43E242,KOP-C0C1B51F19CE,127201**********,PENANGGUNG-JAWAB,0852,Requested,009,BNI,2025-10-19 18:08:05,2025-10-19 18:08:05
BUKA-REK-B43CFEBE53B0,KOP-75249170268C,210318**********,PENANGGUNG-JAWAB,0851,Requested,002,BRI,2025-10-17 23:17:42,2025-10-17 23:17:42
BUKA-REK-25CFBB854D19,KOP-1F1279FDB2B7,717402**********,PENANGGUNG-JAWAB,0896,Requested,002,BRI,2025-10-17 23:03:11,2025-10-17 23:03:11
BUKA-REK-8D89AFCCF0DD,KOP-16C3168B24F4,332003**********,PENANGGUNG-JAWAB,0896,Requested,002,BRI,2025-10-17 19:22:15,2025-10-17 19:22:15
BUKA-REK-F968D71F4AEE,KOP-0718AD7390D1,750501**********,PENANGGUNG-JAWAB,0853,Requested,002,BRI,2025-10-17 16:44:15,2025-10-17 16:44:15
BUKA-REK-C571448C588B,KOP-037CD49608C6,750104**********,PENANGGUNG-JAWAB,0822,Requested,009,BNI,2025-10-17 16:17:36,2025-10-17 16:17:36
BUKA-REK-30B894DA398C,KOP-C7158369B236,820106**********,PENANGGUNG-JAWAB,0813,Requested,008,MANDIRI,2025-10-16 21:14:23,2025-10-16 21:14:23
BUKA-REK-5D3D539C1155,KOP-BA39D823104F,520303**********,PENANGGUNG-JAWAB,0819,Requested,008,MANDIRI,2025-10-16 14:44:20,2025-10-16 14:44:20
BUKA-REK-BA0C0718465A,KOP-155A45B3A627,137106**********,PENANGGUNG-JAWAB,0821,Requested,008,MANDIRI,2025-10-16 08:14:44,2025-10-16 08:14:44
BUKA-REK-D2265EFB96B9,KOP-488BA87E2CFB,130405**********,PENANGGUNG-JAWAB,0813,Requested,002,BRI,2025-10-15 13:18:50,2025-10-15 13:18:50
BUKA-REK-AEDC337D728F,KOP-E11DC3DEEE0D,510104**********,PENANGGUNG-JAWAB,0819,Requested,009,BNI,2025-10-15 13:06:02,2025-10-15 13:06:02
BUKA-REK-7FD05B54FCFC,KOP-C47C63E04191,647104**********,PENANGGUNG-JAWAB,0812,Requested,002,BRI,2025-10-15 08:52:52,2025-10-15 08:52:52
BUKA-REK-C0984C9827B7,KOP-F2BBE3C815F5,610101**********,PENANGGUNG-JAWAB,0821,Requested,009,BNI,2025-10-15 05:40:17,2025-10-15 05:40:17
BUKA-REK-4E065602E28E,KOP-B8DCB9727643,351314**********,PENANGGUNG-JAWAB,0812,Requested,008,MANDIRI,2025-10-14 16:47:35,2025-10-14 16:47:35
BUKA-REK-4DD219208A80,KOP-56533935A168,367207**********,PENANGGUNG-JAWAB,0895,Requested,002,BRI,2025-10-14 13:23:28,2025-10-14 13:23:28
BUKA-REK-4DCD130AE4F4,KOP-0DB040696179,810106**********,PENANGGUNG-JAWAB,0822,Requested,002,BRI,2025-10-12 06:59:20,2025-10-12 06:59:20
BUKA-REK-BDF41F6C8369,KOP-7F359EA7F4D8,710215**********,PENANGGUNG-JAWAB,0821,Requested,009,BNI,2025-10-08 20:59:08,2025-10-08 20:59:08
BUKA-REK-9C23FBFCFCCD,KOP-FCFDC796DF20,740306**********,PENANGGUNG-JAWAB,0813,Requested,009,BNI,2025-10-07 21:19:54,2025-10-07 21:19:54
BUKA-REK-B4467DAC09A1,KOP-FCFDC796DF20,740306**********,PENANGGUNG-JAWAB,0813,Requested,002,BRI,2025-10-07 21:18:27,2025-10-07 21:18:27
BUKA-REK-C59CE9C0A2DA,KOP-81525E23DCE4,180527**********,PENANGGUNG-JAWAB,0821,Requested,008,MANDIRI,2025-10-07 13:50:07,2025-10-07 13:50:07
BUKA-REK-D5C711153EE5,KOP-BF017F60BE43,167105**********,PENANGGUNG-JAWAB,0812,Requested,008,MANDIRI,2025-10-03 21:08:05,2025-10-03 21:08:05
BUKA-REK-822147972FCD,KOP-E0932E71D007,350817**********,PENANGGUNG-JAWAB,0812,Requested,451,BSI,2025-10-03 18:39:24,2025-10-03 18:39:24
BUKA-REK-5F1DBC814657,KOP-CF6DDE4B2600,190505**********,PENANGGUNG-JAWAB,0813,Requested,008,MANDIRI,2025-10-02 08:23:06,2025-10-02 08:23:06
BUKA-REK-87604390174E,KOP-A2163E5604F8,610501**********,PENANGGUNG-JAWAB,0858,Requested,002,BRI,2025-10-02 06:01:07,2025-10-02 06:01:07
BUKA-REK-1F249F7C6CB1,KOP-E0BD65734741,917105**********,PENANGGUNG-JAWAB,0813,Requested,002,BRI,2025-10-01 18:59:01,2025-10-01 18:59:01
BUKA-REK-FC851F5F1274,KOP-1348AAA332AE,167114**********,PENANGGUNG-JAWAB,0821,Requested,009,BNI,2025-09-30 18:08:09,2025-09-30 18:08:09
BUKA-REK-E5B599D58171,KOP-E100AA35CC9F,320537**********,PENANGGUNG-JAWAB,0813,Requested,002,BRI,2025-09-30 09:31:20,2025-09-30 09:31:20
BUKA-REK-666DE4E489C3,KOP-DE75281C29C5,640508**********,PENANGGUNG-JAWAB,0853,Requested,002,BRI,2025-09-29 16:49:45,2025-09-29 16:49:45
BUKA-REK-07D0DE621825,KOP-D026D95CBE7A,347108**********,PENANGGUNG-JAWAB,0815,Requested,002,BRI,2025-09-29 16:11:29,2025-09-29 16:11:29
BUKA-REK-46141871E343,KOP-E45B72BEA33A,740318**********,PENANGGUNG-JAWAB,0821,Requested,008,MANDIRI,2025-09-27 10:07:18,2025-09-27 10:07:18
BUKA-REK-4CBA69DDBCBE,KOP-795D64CFB1F6,210207**********,PENANGGUNG-JAWAB,0811,Requested,008,MANDIRI,2025-09-24 15:40:39,2025-09-24 15:40:39
BUKA-REK-55D696D56A8F,KOP-8890162D2611,610709**********,PENANGGUNG-JAWAB,0815,Requested,451,BSI,2025-09-24 13:13:55,2025-09-24 13:13:55
BUKA-REK-308A8D3E2E7A,KOP-F914D9A13DCE,130108**********,PENANGGUNG-JAWAB,0821,Requested,009,BNI,2025-09-24 11:04:05,2025-09-24 11:04:05
BUKA-REK-1BB28B8C7611,KOP-961439AEF83D,170610**********,PENANGGUNG-JAWAB,0822,Requested,009,BNI,2025-09-24 08:35:25,2025-09-24 08:35:25
BUKA-REK-2913A64E1DA2,KOP-B2833DEE5B43,190403**********,PENANGGUNG-JAWAB,0831,Requested,451,BSI,2025-09-19 08:01:53,2025-09-19 08:01:53
BUKA-REK-B3283D85B663,KOP-7430A16FD6F4,360304**********,PENANGGUNG-JAWAB,0852,Requested,009,BNI,2025-09-15 20:56:24,2025-09-15 20:56:24
BUKA-REK-32C8349114DA,KOP-ACF8EA201685,340310**********,PENANGGUNG-JAWAB,0882,Requested,008,MANDIRI,2025-09-15 09:13:06,2025-09-15 09:13:06
BUKA-REK-7F923189B02A,KOP-33A4755E6658,210305**********,PENANGGUNG-JAWAB,0813,Requested,451,BSI,2025-09-14 10:49:42,2025-09-14 10:49:42
BUKA-REK-A58CE8D6E341,KOP-55EBB62C95D7,920228**********,PENANGGUNG-JAWAB,0813,Requested,002,BRI,2025-09-10 15:27:25,2025-09-10 15:27:25
BUKA-REK-817BE2B87ED2,KOP-7C7EACF01BF3,750102**********,PENANGGUNG-JAWAB,0823,Requested,008,MANDIRI,2025-09-10 15:27:22,2025-09-10 15:27:22
BUKA-REK-D05DAFD75A5B,KOP-1BDFD4DDAAA7,510202**********,PENANGGUNG-JAWAB,0851,Requested,008,MANDIRI,2025-09-10 15:27:21,2025-09-10 15:27:21
BUKA-REK-06ED2609C3C4,KOP-96D8E8EB49AF,920413**********,PENANGGUNG-JAWAB,0853,Requested,009,BNI,2025-09-10 10:35:22,2025-09-10 10:35:22
BUKA-REK-38F55E91F97C,KOP-514ABA614D51,190304**********,PENANGGUNG-JAWAB,0857,Requested,009,BNI,2025-09-09 09:44:45,2025-09-09 09:44:45
BUKA-REK-67991C7F7C18,KOP-0F887972543F,627101**********,PENANGGUNG-JAWAB,0822,Requested,451,BSI,2025-09-03 15:47:36,2025-09-03 15:47:36
BUKA-REK-EE3014AE3923,KOP-57881B6B76D2,317501**********,PENANGGUNG-JAWAB,0815,Requested,002,BRI,2025-09-03 14:08:22,2025-09-03 14:08:22
BUKA-REK-55EFE3D10FC3,KOP-96C6C128684F,757105**********,PENANGGUNG-JAWAB,0895,Requested,200,BTN,2025-09-02 16:17:54,2025-09-02 16:17:54
BUKA-REK-4E8AE24FD22B,KOP-9B2DCAB85CB7,760502**********,PENANGGUNG-JAWAB,0838,Requested,451,BSI,2025-09-02 10:36:58,2025-09-02 10:36:58
BUKA-REK-7A645AFA415F,KOP-2D6728FD3030,517104**********,PENANGGUNG-JAWAB,0831,Requested,002,BRI,2025-09-01 07:53:36,2025-09-01 15:47:39
BUKA-REK-8EB65743A639,KOP-143482E6859B,710512**********,PENANGGUNG-JAWAB,0857,Requested,008,MANDIRI,2025-08-31 20:25:28,2025-09-01 15:47:39
BUKA-REK-3A532CE37AB0,KOP-F8A8C4A23601,630308**********,PENANGGUNG-JAWAB,0813,Requested,008,MANDIRI,2025-08-31 16:02:13,2025-09-01 15:47:39
BUKA-REK-14C654923D86,KOP-85B912097BC2,340207**********,PENANGGUNG-JAWAB,0898,Requested,200,BTN,2025-08-28 18:34:19,2025-09-01 15:47:38
BUKA-REK-EFF037C1C139,KOP-85B912097BC2,340207**********,PENANGGUNG-JAWAB,0898,Requested,009,BNI,2025-08-28 18:34:18,2025-09-01 15:47:38
BUKA-REK-A568557FE284,KOP-42D3D83728AB,730209**********,PENANGGUNG-JAWAB,0877,Requested,009,BNI,2025-08-28 17:09:12,2025-09-01 15:47:38
BUKA-REK-D33CF495641A,KOP-7753E3052E8B,620505**********,PENANGGUNG-JAWAB,0852,Requested,009,BNI,2025-08-27 16:29:24,2025-09-01 15:47:37
BUKA-REK-565B81A817F8,KOP-E0932E71D007,350817**********,PENANGGUNG-JAWAB,0812,Requested,009,BNI,2025-08-24 17:06:05,2025-09-01 15:47:35
BUKA-REK-93114F59E313,KOP-A87B26AD21CB,820305**********,PENANGGUNG-JAWAB,0853,Requested,009,BNI,2025-08-22 08:47:40,2025-09-01 15:47:34
BUKA-REK-07394E128E87,KOP-DC3F889990C5,720406**********,PENANGGUNG-JAWAB,0813,Requested,008,MANDIRI,2025-08-22 01:00:23,2025-09-01 15:47:34
BUKA-REK-05859930A30A,KOP-3B2BF2E110CE,917101**********,PENANGGUNG-JAWAB,0812,Requested,009,BNI,2025-08-14 13:56:30,2025-09-01 15:47:32
BUKA-REK-C7AF7342DA17,KOP-8FCC4B34CC5B,520203**********,PENANGGUNG-JAWAB,0878,Requested,200,BTN,2025-08-13 17:37:53,2025-09-01 15:47:32
BUKA-REK-FF468DDB1C30,KOP-8FCC4B34CC5B,520203**********,PENANGGUNG-JAWAB,0878,Requested,451,BSI,2025-08-13 17:37:53,2025-09-01 15:47:32
BUKA-REK-F419ED14D3BE,KOP-5EA12DB519DC,180813**********,PENANGGUNG-JAWAB,0823,Processed,451,BSI,2025-08-13 16:27:04,2025-09-05 10:36:31
BUKA-REK-E3AA7F98CBDD,KOP-A76C3AE263D8,327206**********,PENANGGUNG-JAWAB,0857,Requested,200,BTN,2025-08-07 21:49:06,2025-09-01 15:47:32
BUKA-REK-DC9C8BD48CC2,KOP-B6E872120528,160311**********,PENANGGUNG-JAWAB,0895,Requested,009,BNI,2025-08-07 20:38:50,2025-09-01 15:47:32
BUKA-REK-F5F3531632B1,KOP-AE63B29320FC,317404**********,PENANGGUNG-JAWAB,0813,Requested,008,MANDIRI,2025-08-02 16:23:04,2025-09-01 15:47:31
BUKA-REK-EFCDE8FFD11C,KOP-8B9CE0B4DFCF,140206**********,PENANGGUNG-JAWAB,0852,Requested,008,MANDIRI,2025-10-30 13:31:33,2025-10-30 13:31:33
BUKA-REK-0759BB60E22A,KOP-E25E998E750C,140306**********,PENANGGUNG-JAWAB,0852,Requested,451,BSI,2025-10-29 13:08:23,2025-10-29 13:08:23
BUKA-REK-C25F3F4E7954,KOP-70EB99D07D91,920504**********,PENANGGUNG-JAWAB,0821,Requested,002,BRI,2025-10-24 09:08:23,2025-10-24 09:08:23
BUKA-REK-ED7478B3FF45,KOP-9AEE63975426,127111**********,PENANGGUNG-JAWAB,0851,Requested,002,BRI,2025-10-23 14:19:47,2025-10-23 14:19:47
BUKA-REK-22B117B708FE,KOP-5D55883D1173,531906**********,PENANGGUNG-JAWAB,0821,Requested,009,BNI,2025-10-23 11:35:07,2025-10-23 11:35:07
BUKA-REK-68C4155A15DC,KOP-3EDB0D01812E,117403**********,PENANGGUNG-JAWAB,0822,Requested,451,BSI,2025-10-22 14:34:27,2025-10-22 14:34:27
BUKA-REK-669DB5FAD221,KOP-DB4EE24CDCBB,180205**********,PENANGGUNG-JAWAB,0822,Requested,002,BRI,2025-10-22 14:25:25,2025-10-22 14:25:25
BUKA-REK-9AE1509E550F,KOP-3FB23560B8B0,140119**********,PENANGGUNG-JAWAB,0822,Requested,002,BRI,2025-10-22 12:55:00,2025-10-22 12:55:00
BUKA-REK-85FC5BB870D0,KOP-E0932E71D007,350817**********,PENANGGUNG-JAWAB,0812,Requested,002,BRI,2025-10-22 06:29:48,2025-10-22 06:29:48
BUKA-REK-CB655C5833C9,KOP-2ACF11BD98DE,530705**********,PENANGGUNG-JAWAB,0813,Requested,008,MANDIRI,2025-10-21 20:07:53,2025-10-21 20:07:53
BUKA-REK-D2602EB9BAC6,KOP-6E93D73BC273,620505**********,PENANGGUNG-JAWAB,0857,Requested,002,BRI,2025-10-21 19:39:38,2025-10-21 19:39:38
BUKA-REK-668CF2FA2D65,KOP-E94080A06AF3,537103**********,PENANGGUNG-JAWAB,0812,Requested,002,BRI,2025-10-21 18:26:30,2025-10-21 18:26:30
BUKA-REK-CF900099A991,KOP-E06186BDB35F,210115**********,PENANGGUNG-JAWAB,0852,Requested,009,BNI,2025-10-21 13:32:12,2025-10-21 13:32:12
BUKA-REK-1E329A1BEDC1,KOP-702E3CB19FC2,170601**********,PENANGGUNG-JAWAB,0812,Requested,008,MANDIRI,2025-10-21 10:15:19,2025-10-21 10:15:19
BUKA-REK-EF8D83EA4EF1,KOP-FFA5A1D68B3D,630105**********,PENANGGUNG-JAWAB,0822,Requested,002,BRI,2025-10-21 09:55:11,2025-10-21 09:55:11
BUKA-REK-B73CA02C6892,KOP-79D0A95BAE91,820101**********,PENANGGUNG-JAWAB,0812,Requested,002,BRI,2025-10-20 13:09:29,2025-10-20 13:09:29
BUKA-REK-4F1F4DE5A760,KOP-2FFC9B29CC44,120314**********,PENANGGUNG-JAWAB,0838,Requested,008,MANDIRI,2025-10-20 10:46:24,2025-10-20 10:46:24
BUKA-REK-E87C56401243,KOP-DA2E83D40543,520311**********,PENANGGUNG-JAWAB,0877,Requested,002,BRI,2025-10-20 09:10:28,2025-10-20 09:10:28
BUKA-REK-4111132A16B6,KOP-106F4B73076F,721008**********,PENANGGUNG-JAWAB,0853,Requested,002,BRI,2025-10-19 13:21:17,2025-10-19 13:21:17
BUKA-REK-9BA6E9D5D867,KOP-789829009426,910268**********,PENANGGUNG-JAWAB,0812,Requested,002,BRI,2025-10-18 23:25:39,2025-10-18 23:25:39
BUKA-REK-E8982926C345,KOP-CC1972024730,170314**********,PENANGGUNG-JAWAB,0822,Requested,002,BRI,2025-10-18 19:51:34,2025-10-18 19:51:34
BUKA-REK-A973BCF75BAB,KOP-76064A6F1328,710521**********,PENANGGUNG-JAWAB,0822,Requested,002,BRI,2025-10-17 20:41:23,2025-10-17 20:41:23
BUKA-REK-F6E532BE7944,KOP-9F6B4F0E821B,620505**********,PENANGGUNG-JAWAB,0822,Requested,008,MANDIRI,2025-10-17 14:54:01,2025-10-17 14:54:01
BUKA-REK-BD23A3751842,KOP-12C2288B3435,760302**********,PENANGGUNG-JAWAB,0852,Requested,002,BRI,2025-10-17 13:43:11,2025-10-17 13:43:11
BUKA-REK-7D7A4E821CB0,KOP-39D823F9F2C1,750109**********,PENANGGUNG-JAWAB,0838,Requested,002,BRI,2025-10-17 12:21:52,2025-10-17 12:21:52
BUKA-REK-6DA4C22F1B4C,KOP-E100AA35CC9F,320537**********,PENANGGUNG-JAWAB,0813,Requested,008,MANDIRI,2025-10-17 10:00:24,2025-10-17 10:00:24
BUKA-REK-3192F9BE8348,KOP-488BA87E2CFB,130405**********,PENANGGUNG-JAWAB,0813,Requested,008,MANDIRI,2025-10-15 13:20:06,2025-10-15 13:20:06
BUKA-REK-6C84FD496AEB,KOP-F8A0C206EB72,317308**********,PENANGGUNG-JAWAB,0812,Requested,008,MANDIRI,2025-10-15 07:26:54,2025-10-15 07:26:54
BUKA-REK-83326BC8297F,KOP-6C268C24ED03,321324**********,PENANGGUNG-JAWAB,0821,Requested,009,BNI,2025-10-13 15:17:46,2025-10-13 15:17:46
BUKA-REK-6EE6F7297123,KOP-7E739FF3CD81,197103**********,PENANGGUNG-JAWAB,0813,Requested,002,BRI,2025-10-13 08:41:09,2025-10-13 08:41:09
BUKA-REK-1D918FBAD716,KOP-8E3C6B5D5BCD,737101**********,PENANGGUNG-JAWAB,0857,Requested,002,BRI,2025-10-12 07:58:18,2025-10-12 07:58:18
BUKA-REK-024567859D68,KOP-4F1092DC17E7,360226**********,PENANGGUNG-JAWAB,0852,Requested,002,BRI,2025-10-11 08:00:50,2025-10-11 08:00:50
BUKA-REK-59B1C1A01BDF,KOP-F2BBE3C815F5,611011**********,PENANGGUNG-JAWAB,0852,Requested,008,MANDIRI,2025-10-08 10:49:24,2025-10-08 10:49:24
BUKA-REK-E81E00E9BE3F,KOP-B38A015B7FED,740512**********,PENANGGUNG-JAWAB,0821,Requested,002,BRI,2025-10-07 08:23:47,2025-10-07 08:23:47
BUKA-REK-9C9B7AFAEEBA,KOP-B6E872120528,160311**********,PENANGGUNG-JAWAB,0895,Requested,008,MANDIRI,2025-10-06 22:13:44,2025-10-06 22:13:44
BUKA-REK-9AD0F7969AE0,KOP-B10523F35440,920530**********,PENANGGUNG-JAWAB,0821,Requested,008,MANDIRI,2025-10-05 20:35:36,2025-10-05 20:35:36
BUKA-REK-03D93F745E3D,KOP-5275CFC74113,640205**********,PENANGGUNG-JAWAB,0821,Requested,002,BRI,2025-10-05 20:17:59,2025-10-05 20:17:59
BUKA-REK-29EA9CA75BEF,KOP-4A0579990FAD,827106**********,PENANGGUNG-JAWAB,0812,Requested,008,MANDIRI,2025-10-04 11:14:40,2025-10-04 11:14:40
BUKA-REK-E99B4093D6F1,KOP-067A8816C434,750304**********,PENANGGUNG-JAWAB,0822,Requested,009,BNI,2025-10-04 10:32:01,2025-10-04 10:32:01
BUKA-REK-63C8680D0A33,KOP-F0DE10C14A88,717403**********,PENANGGUNG-JAWAB,0858,Requested,009,BNI,2025-09-30 14:20:19,2025-09-30 14:20:19
BUKA-REK-3626C576CED3,KOP-070575B278AB,331613**********,PENANGGUNG-JAWAB,0857,Requested,002,BRI,2025-09-30 08:20:59,2025-09-30 08:20:59
BUKA-REK-37E9924FACD4,KOP-71758CB73656,910605**********,PENANGGUNG-JAWAB,0852,Requested,002,BRI,2025-09-29 17:02:53,2025-09-29 17:02:53
BUKA-REK-3DA44C0A3E3F,KOP-7430A16FD6F4,360304**********,PENANGGUNG-JAWAB,0852,Requested,451,BSI,2025-09-29 16:54:14,2025-09-29 16:54:14
BUKA-REK-930E19FCD7DF,KOP-070575B278AB,331613**********,PENANGGUNG-JAWAB,0857,Requested,009,BNI,2025-09-28 05:59:14,2025-09-28 05:59:14
BUKA-REK-4571A5443851,KOP-782F1E4338A7,167106**********,PENANGGUNG-JAWAB,0878,Requested,009,BNI,2025-09-27 14:05:06,2025-09-27 14:05:06
BUKA-REK-F8081DE03801,KOP-7C49DF1903E0,810807**********,PENANGGUNG-JAWAB,0821,Requested,002,BRI,2025-09-27 11:30:23,2025-09-27 11:30:23
BUKA-REK-FD69F02079F1,KOP-1FDC2A86BA8A,640504**********,PENANGGUNG-JAWAB,0853,Requested,002,BRI,2025-09-26 17:14:18,2025-09-26 17:14:18
BUKA-REK-6DABFC447AA3,KOP-DE8845A4F610,161101**********,PENANGGUNG-JAWAB,0821,Requested,002,BRI,2025-09-26 14:11:11,2025-09-26 14:11:11
BUKA-REK-E967E6D81015,KOP-D849BC797588,130109**********,PENANGGUNG-JAWAB,0812,Requested,002,BRI,2025-09-25 18:24:14,2025-09-25 18:24:14
BUKA-REK-EEFBAB706B35,KOP-A8D16CC337AE,321114**********,PENANGGUNG-JAWAB,0817,Requested,002,BRI,2025-09-24 21:09:05,2025-09-24 21:09:05
BUKA-REK-A96E3C52A5D3,KOP-199C22705882,337402**********,PENANGGUNG-JAWAB,0853,Requested,008,MANDIRI,2025-09-24 17:57:43,2025-09-24 17:57:43
BUKA-REK-EEC8125F6C50,KOP-8890162D2611,610709**********,PENANGGUNG-JAWAB,0815,Requested,009,BNI,2025-09-24 13:13:26,2025-09-24 13:13:26
BUKA-REK-51F1EF06351F,KOP-8890162D2611,610709**********,PENANGGUNG-JAWAB,0815,Requested,002,BRI,2025-09-24 13:12:44,2025-09-24 13:12:44
BUKA-REK-31A372911329,KOP-1F68563667D5,127704**********,PENANGGUNG-JAWAB,0811,Requested,009,BNI,2025-09-23 09:35:02,2025-09-23 09:35:02
BUKA-REK-11584159BE34,KOP-273F3EF1D7AA,167305**********,PENANGGUNG-JAWAB,0822,Requested,008,MANDIRI,2025-09-22 02:53:29,2025-09-22 02:53:29
BUKA-REK-26EEE78BEABD,KOP-F7EEEA6FC914,170413**********,PENANGGUNG-JAWAB,0823,Requested,009,BNI,2025-09-18 19:31:53,2025-09-18 19:31:53
BUKA-REK-9FAD36FC2B14,KOP-F2D1993813F1,351614**********,PENANGGUNG-JAWAB,0856,Requested,008,MANDIRI,2025-09-18 15:38:03,2025-09-18 15:38:03
BUKA-REK-D060D1BEC6EB,KOP-33A4755E6658,210305**********,PENANGGUNG-JAWAB,0813,Requested,002,BRI,2025-09-17 23:19:55,2025-09-17 23:19:55
BUKA-REK-B36940E5BFB0,KOP-3DF5D57B3213,332405**********,PENANGGUNG-JAWAB,0856,Requested,002,BRI,2025-09-17 13:10:36,2025-09-17 13:10:36
BUKA-REK-F340F1176AEC,KOP-ACF8EA201685,340310**********,PENANGGUNG-JAWAB,0882,Requested,008,MANDIRI,2025-09-15 09:11:48,2025-09-15 09:11:48
BUKA-REK-FB99E0878CF6,KOP-33A4755E6658,210305**********,PENANGGUNG-JAWAB,0813,Requested,008,MANDIRI,2025-09-14 10:20:45,2025-09-14 10:20:45
BUKA-REK-0332037824E4,KOP-094DB6C17B0B,510201**********,PENANGGUNG-JAWAB,0812,Requested,009,BNI,2025-09-11 19:54:15,2025-09-11 19:54:15
BUKA-REK-1744D5174038,KOP-514ABA614D51,190304**********,PENANGGUNG-JAWAB,0857,Requested,008,MANDIRI,2025-09-09 09:44:45,2025-09-09 09:44:45
BUKA-REK-A4515576229D,KOP-514ABA614D51,190304**********,PENANGGUNG-JAWAB,0857,Requested,451,BSI,2025-09-09 09:44:45,2025-09-09 09:44:45
BUKA-REK-43736AB1ADE3,KOP-B2833DEE5B43,190403**********,PENANGGUNG-JAWAB,0831,Requested,009,BNI,2025-09-09 08:00:10,2025-09-09 08:00:10
BUKA-REK-312775407D4D,KOP-EEE70C54C827,620301**********,PENANGGUNG-JAWAB,0852,Requested,451,BSI,2025-09-04 19:10:35,2025-09-04 19:10:35
BUKA-REK-451AC5E457D0,KOP-81F1971705B8,320129**********,PENANGGUNG-JAWAB,0852,Requested,451,BSI,2025-08-31 09:15:06,2025-09-01 15:47:39
BUKA-REK-3B4AEEB4AB6A,KOP-A79353540BB2,920518**********,PENANGGUNG-JAWAB,0852,Requested,009,BNI,2025-08-29 22:27:30,2025-09-01 15:47:39
BUKA-REK-26F948097F5B,KOP-D08FF4EF9F68,620406**********,PENANGGUNG-JAWAB,0852,Requested,009,BNI,2025-08-27 16:48:01,2025-09-01 15:47:37
BUKA-REK-924F27719E0E,KOP-A996089195DC,631003**********,PENANGGUNG-JAWAB,0853,Requested,008,MANDIRI,2025-08-26 19:02:38,2025-09-01 15:47:36
BUKA-REK-EE752CC730F4,KOP-8FCC4B34CC5B,520203**********,PENANGGUNG-JAWAB,0878,Requested,009,BNI,2025-08-18 15:01:35,2025-09-01 15:47:33
BUKA-REK-2F381F996A8C,KOP-8FCC4B34CC5B,520203**********,PENANGGUNG-JAWAB,0878,Requested,008,MANDIRI,2025-08-18 15:01:34,2025-09-01 15:47:33
BUKA-REK-842F3C4FADA9,KOP-773354D8C546,327610**********,PENANGGUNG-JAWAB,0815,Requested,009,BNI,2025-08-16 15:53:08,2025-09-01 15:47:33
BUKA-REK-2733AC1B392B,KOP-AE63B29320FC,317404**********,PENANGGUNG-JAWAB,0813,Requested,002,BRI,2025-08-07 17:42:04,2025-09-01 15:47:32
BUKA-REK-C89B3126CE06,KOP-AE63B29320FC,317404**********,PENANGGUNG-JAWAB,0856,Requested,008,MANDIRI,2025-08-02 17:30:57,2025-09-01 15:47:31
BUKA-REK-CE767110EC7A,KOP-8FCC4B34CC5B,520203**********,PENANGGUNG-JAWAB,0878,Requested,200,BTN,2025-08-02 14:10:03,2025-09-01 15:47:31
BUKA-REK-B2E504F7283F,KOP-A3E19EED221E,351017**********,PENANGGUNG-JAWAB,0822,Requested,009,BNI,2025-08-01 15:55:22,2025-09-01 15:47:31
BUKA-REK-4DDA830CABB6,KOP-17345F86D79F,710605**********,PENANGGUNG-JAWAB,0821,Requested,008,MANDIRI,2025-07-29 16:05:01,2025-09-01 15:47:30
BUKA-REK-FE55AA505596,KOP-B714B0783DD2,750305**********,PENANGGUNG-JAWAB,0852,Requested,008,MANDIRI,2025-07-28 13:22:07,2025-09-01 15:47:29
BUKA-REK-3DECE39D47C0,KOP-55EBB62C95D7,920228**********,PENANGGUNG-JAWAB,0821,Requested,002,BRI,2025-07-28 08:46:07,2025-09-01 15:47:29
BUKA-REK-4798688A6E8B,KOP-9808F94274F3,820109**********,PENANGGUNG-JAWAB,0821,Requested,009,BNI,2025-07-24 09:15:49,2025-09-01 15:47:28
BUKA-REK-7ECFC16574BD,KOP-E25E998E750C,140306**********,PENANGGUNG-JAWAB,0852,Requested,008,MANDIRI,2025-10-28 14:29:19,2025-10-28 14:29:19
BUKA-REK-32434C1FE13B,KOP-09269AEF4A63,927102**********,PENANGGUNG-JAWAB,0821,Requested,002,BRI,2025-10-23 13:41:06,2025-10-23 13:41:06
BUKA-REK-139D5B073C8A,KOP-3FB23560B8B0,732206**********,PENANGGUNG-JAWAB,0878,Requested,002,BRI,2025-10-22 11:39:24,2025-10-22 11:39:24
BUKA-REK-4A38688E82F7,KOP-2ACF11BD98DE,530705**********,PENANGGUNG-JAWAB,0813,Requested,008,MANDIRI,2025-10-21 20:05:13,2025-10-21 20:05:13
BUKA-REK-937E18F3DA69,KOP-2D248D5C2D29,180226**********,PENANGGUNG-JAWAB,0822,Requested,002,BRI,2025-10-21 13:29:55,2025-10-21 13:29:55
BUKA-REK-72A925F16DF5,KOP-7916036E413C,647105**********,PENANGGUNG-JAWAB,0819,Requested,008,MANDIRI,2025-10-20 20:49:13,2025-10-20 20:49:13
BUKA-REK-1B53A5FE62B6,KOP-0E48C6688F42,117402**********,PENANGGUNG-JAWAB,0852,Requested,451,BSI,2025-10-20 20:44:43,2025-10-20 20:44:43
BUKA-REK-029F57A1080B,KOP-9BBD7D0D7859,621107**********,PENANGGUNG-JAWAB,0821,Requested,002,BRI,2025-10-19 21:41:55,2025-10-19 21:41:55
BUKA-REK-B98C9E5FCA10,KOP-FFA5A1D68B3D,630105**********,PENANGGUNG-JAWAB,0822,Requested,002,BRI,2025-10-18 20:02:11,2025-10-18 20:02:11
BUKA-REK-AAB2BC335AF2,KOP-A357692DD7E4,760306**********,PENANGGUNG-JAWAB,0821,Requested,002,BRI,2025-10-17 09:03:27,2025-10-17 09:03:27
BUKA-REK-828906F2E65A,KOP-353C7ED03FC3,711002**********,PENANGGUNG-JAWAB,0813,Requested,002,BRI,2025-10-16 22:10:12,2025-10-16 22:10:12
BUKA-REK-3F6404BE4032,KOP-23881ABADE98,217202**********,PENANGGUNG-JAWAB,0822,Requested,009,BNI,2025-10-16 11:57:53,2025-10-16 11:57:53
BUKA-REK-A3975951DADE,KOP-B98F13541D64,351810**********,PENANGGUNG-JAWAB,0857,Requested,002,BRI,2025-10-15 14:40:13,2025-10-15 14:40:13
BUKA-REK-D2D74593A973,KOP-972BD73AFB84,520506**********,PENANGGUNG-JAWAB,0877,Requested,002,BRI,2025-10-15 13:51:14,2025-10-15 13:51:14
BUKA-REK-380651872C1B,KOP-B543C38BDB63,130411**********,PENANGGUNG-JAWAB,0822,Requested,008,MANDIRI,2025-10-15 12:55:36,2025-10-15 12:55:36
BUKA-REK-BBF0827EFDE5,KOP-037CD49608C6,750104**********,PENANGGUNG-JAWAB,0822,Requested,002,BRI,2025-10-14 17:02:02,2025-10-14 17:02:02
BUKA-REK-A9F39EBB4A3B,KOP-B7CBD6FA88E8,170603**********,PENANGGUNG-JAWAB,0822,Requested,002,BRI,2025-10-14 10:39:37,2025-10-14 10:39:37
BUKA-REK-EE4561346D7B,KOP-E00D094F83AD,120304**********,PENANGGUNG-JAWAB,0851,Requested,008,MANDIRI,2025-10-13 21:34:46,2025-10-13 21:34:46
BUKA-REK-389DD815C12A,KOP-5BCA9A83A6CE,120732**********,PENANGGUNG-JAWAB,0852,Requested,002,BRI,2025-10-13 12:57:30,2025-10-13 12:57:30
BUKA-REK-2B6362938370,KOP-7AB01584A187,827102**********,PENANGGUNG-JAWAB,0823,Requested,002,BRI,2025-10-12 17:34:25,2025-10-12 17:34:25
BUKA-REK-088D08638620,KOP-12DF50D66B6F,330718**********,PENANGGUNG-JAWAB,0811,Requested,008,MANDIRI,2025-10-08 20:03:38,2025-10-08 20:03:38
BUKA-REK-16E693376BE5,KOP-57699704E36D,320434**********,PENANGGUNG-JAWAB,0812,Requested,009,BNI,2025-10-07 08:33:02,2025-10-07 08:33:02
BUKA-REK-914D9E327149,KOP-1FFC6F9E606E,360432**********,PENANGGUNG-JAWAB,0838,Requested,008,MANDIRI,2025-10-05 11:35:03,2025-10-05 11:35:03
BUKA-REK-B0FDFC0F9C9E,KOP-B714B0783DD2,750305**********,PENANGGUNG-JAWAB,0852,Requested,009,BNI,2025-10-04 09:59:28,2025-10-04 09:59:28
BUKA-REK-E94B2C7BE9FD,KOP-E10D983F31F6,190105**********,PENANGGUNG-JAWAB,0813,Requested,002,BRI,2025-10-03 21:03:44,2025-10-03 21:03:44
BUKA-REK-2D848214128C,KOP-4366EABE8193,920409**********,PENANGGUNG-JAWAB,0813,Requested,008,MANDIRI,2025-10-02 20:09:09,2025-10-02 20:09:09
BUKA-REK-533AE642DA92,KOP-48550C595C35,720501**********,PENANGGUNG-JAWAB,0822,Requested,002,BRI,2025-09-30 13:49:21,2025-09-30 13:49:21
BUKA-REK-BC2CD8722418,KOP-5561493FCAC9,730102**********,PENANGGUNG-JAWAB,0812,Requested,002,BRI,2025-09-29 20:00:44,2025-09-29 20:00:44
BUKA-REK-5402BE4B3681,KOP-199C22705882,337402**********,PENANGGUNG-JAWAB,0853,Requested,008,MANDIRI,2025-09-24 17:56:35,2025-09-24 17:56:35
BUKA-REK-B7F73969A339,KOP-8890162D2611,610709**********,PENANGGUNG-JAWAB,0815,Requested,008,MANDIRI,2025-09-24 13:14:25,2025-09-24 13:14:25
BUKA-REK-165AD826F6EF,KOP-F0DE10C14A88,717403**********,PENANGGUNG-JAWAB,0858,Requested,009,BNI,2025-09-24 09:16:57,2025-09-24 09:16:57
BUKA-REK-5D7A0D82B1FF,KOP-81F1971705B8,320129**********,PENANGGUNG-JAWAB,0852,Requested,002,BRI,2025-09-23 23:56:57,2025-09-23 23:56:57
BUKA-REK-F007CB6F3AE7,KOP-E20C5F9BC273,620102**********,PENANGGUNG-JAWAB,0811,Requested,008,MANDIRI,2025-09-23 21:35:24,2025-09-23 21:35:24
BUKA-REK-EFD411EF1EFA,KOP-B5FA84666CB0,810602**********,PENANGGUNG-JAWAB,0821,Requested,002,BRI,2025-09-23 12:40:31,2025-09-23 12:40:31
BUKA-REK-C9EAA7F80F2A,KOP-1B43DAA5DD35,360215**********,PENANGGUNG-JAWAB,0838,Requested,451,BSI,2025-09-23 09:57:49,2025-09-23 09:57:49
BUKA-REK-776649664698,KOP-273F3EF1D7AA,167305**********,PENANGGUNG-JAWAB,0822,Requested,009,BNI,2025-09-22 12:32:25,2025-09-22 12:32:25
BUKA-REK-3A6A8ECFCAD1,KOP-6404ECEE5D07,910301**********,PENANGGUNG-JAWAB,0821,Requested,002,BRI,2025-09-21 15:50:33,2025-09-21 15:50:33
BUKA-REK-CF51A01ED973,KOP-4BD118124A23,187108**********,PENANGGUNG-JAWAB,0821,Requested,008,MANDIRI,2025-09-21 09:10:44,2025-09-21 09:10:44
BUKA-REK-CAC6DCE350F7,KOP-EE531CFF22F0,332213**********,PENANGGUNG-JAWAB,0819,Requested,009,BNI,2025-09-18 13:31:22,2025-09-18 13:31:22
BUKA-REK-145DA78AE4EC,KOP-E0BD65734741,917105**********,PENANGGUNG-JAWAB,0813,Requested,002,BRI,2025-09-18 08:47:45,2025-09-18 08:47:45
BUKA-REK-71FC0FBB2583,KOP-2A38E4CDE8F7,331506**********,PENANGGUNG-JAWAB,0852,Requested,002,BRI,2025-09-17 12:52:12,2025-09-17 12:52:12
BUKA-REK-9325C78BA01C,KOP-3F369B8F94BF,640302**********,PENANGGUNG-JAWAB,0813,Requested,002,BRI,2025-09-17 10:47:42,2025-09-17 10:47:42
BUKA-REK-AA0FBB2F7002,KOP-5363348A843B,610102**********,PENANGGUNG-JAWAB,0895,Requested,002,BRI,2025-09-17 10:42:54,2025-09-17 10:42:54
BUKA-REK-5A3AF328E071,KOP-DE8845A4F610,161101**********,PENANGGUNG-JAWAB,0821,Requested,002,BRI,2025-09-17 09:16:02,2025-09-17 09:16:02
BUKA-REK-FD4D55DCEFE9,KOP-DE8845A4F610,161101**********,PENANGGUNG-JAWAB,0821,Requested,008,MANDIRI,2025-09-16 20:05:16,2025-09-16 20:05:16
BUKA-REK-377C9DE2269B,KOP-ACF8EA201685,340310**********,PENANGGUNG-JAWAB,0882,Requested,002,BRI,2025-09-15 09:10:02,2025-09-15 09:10:02
BUKA-REK-E3F4F1E0EB79,KOP-AEED9CE29ED2,740405**********,PENANGGUNG-JAWAB,0813,Requested,002,BRI,2025-09-10 15:27:23,2025-09-10 15:27:23
BUKA-REK-712C41D32CF9,KOP-C5931203B7DA,510104**********,PENANGGUNG-JAWAB,0813,Requested,009,BNI,2025-09-10 15:27:21,2025-09-10 15:27:21
BUKA-REK-6870CC5ED86D,KOP-F2D1993813F1,351614**********,PENANGGUNG-JAWAB,0865,Requested,008,MANDIRI,2025-09-10 15:27:20,2025-09-10 15:27:20
BUKA-REK-24303DE7469E,KOP-B2833DEE5B43,190403**********,PENANGGUNG-JAWAB,0831,Requested,008,MANDIRI,2025-09-08 15:59:38,2025-09-08 15:59:38
BUKA-REK-DCB3E4B7D822,KOP-4F1092DC17E7,360226**********,PENANGGUNG-JAWAB,0852,Requested,002,BRI,2025-09-04 17:07:08,2025-09-04 17:07:08
BUKA-REK-E1D568C0463D,KOP-FD1E6F71D4FE,820304**********,PENANGGUNG-JAWAB,0821,Requested,008,MANDIRI,2025-09-03 23:09:36,2025-09-03 23:09:36
BUKA-REK-8BE13526FFC7,KOP-BC144DF86705,140212**********,PENANGGUNG-JAWAB,0853,Requested,451,BSI,2025-09-02 07:18:25,2025-09-02 07:18:25
BUKA-REK-9308A881BE98,KOP-85B912097BC2,340207**********,PENANGGUNG-JAWAB,0898,Requested,008,MANDIRI,2025-08-28 18:34:18,2025-09-01 15:47:38
BUKA-REK-609E68F488A2,KOP-4E812CBC9BE0,210207**********,PENANGGUNG-JAWAB,0852,Requested,002,BRI,2025-08-26 11:21:41,2025-09-01 15:47:36
BUKA-REK-C8471E4DBE39,KOP-A79353540BB2,920518**********,PENANGGUNG-JAWAB,0852,Requested,009,BNI,2025-08-15 23:25:05,2025-09-01 15:47:33
BUKA-REK-42DC428E61BE,KOP-11EF868AB11E,210204**********,PENANGGUNG-JAWAB,0811,Requested,008,MANDIRI,2025-08-15 17:56:15,2025-09-01 15:47:33
BUKA-REK-0A98ED469D6E,KOP-81F1971705B8,320129**********,PENANGGUNG-JAWAB,0852,Requested,451,BSI,2025-08-13 23:32:12,2025-09-01 15:47:32
BUKA-REK-F833092C0ECA,KOP-8FCC4B34CC5B,520203**********,PENANGGUNG-JAWAB,0878,Requested,009,BNI,2025-08-13 17:37:53,2025-09-01 15:47:32
BUKA-REK-34711B500619,KOP-8FCC4B34CC5B,520203**********,PENANGGUNG-JAWAB,0878,Requested,008,MANDIRI,2025-08-13 17:37:52,2025-09-01 15:47:32
BUKA-REK-060B6FBB9307,KOP-1B43DAA5DD35,360215**********,PENANGGUNG-JAWAB,0838,Requested,009,BNI,2025-08-08 00:41:49,2025-09-01 15:47:32
BUKA-REK-166AF85DCEBC,KOP-81BA65E70134,317505**********,PENANGGUNG-JAWAB,0819,Requested,002,BRI,2025-08-07 18:41:20,2025-09-01 15:47:32
BUKA-REK-027BAA0D199B,KOP-CD37C352D9EB,640501**********,PENANGGUNG-JAWAB,0853,Requested,002,BRI,2025-07-28 21:44:33,2025-09-01 15:47:29
BUKA-REK-4D1AAAB6140E,KOP-0CEF7D8548E6,617204**********,PENANGGUNG-JAWAB,,Requested,009,BNI,2025-08-19 14:20:42,2025-09-01 15:47:33
BUKA-REK-19F163CA010B,KOP-3FB23560B8B0,140119**********,PENANGGUNG-JAWAB,0822,Requested,008,MANDIRI,2025-10-27 16:50:45,2025-10-27 16:50:45
BUKA-REK-1427C1F40173,KOP-8EBB0A110A4A,927101**********,PENANGGUNG-JAWAB,0812,Requested,002,BRI,2025-10-21 19:08:30,2025-10-21 19:08:30
BUKA-REK-EFD7863278D1,KOP-49440B77D3D5,180303**********,PENANGGUNG-JAWAB,0821,Requested,002,BRI,2025-10-20 17:16:50,2025-10-20 17:16:50
BUKA-REK-28404BC1C4C1,KOP-975BA026A945,117401**********,PENANGGUNG-JAWAB,0896,Requested,451,BSI,2025-10-20 16:35:22,2025-10-20 16:35:22
BUKA-REK-02F7B1D038FE,KOP-6846C07A9BAD,140609**********,PENANGGUNG-JAWAB,0812,Requested,002,BRI,2025-10-20 13:02:02,2025-10-20 13:02:02
BUKA-REK-16CC1D3396D3,KOP-F83D04374304,531505**********,PENANGGUNG-JAWAB,0813,Requested,008,MANDIRI,2025-10-17 12:19:12,2025-10-17 12:19:12
BUKA-REK-866C712EC6E7,KOP-56090869CF85,711002**********,PENANGGUNG-JAWAB,0852,Requested,002,BRI,2025-10-16 06:26:58,2025-10-16 06:26:58
BUKA-REK-8F21BD701B94,KOP-EAD5E3909327,217202**********,PENANGGUNG-JAWAB,0852,Requested,009,BNI,2025-10-14 11:43:19,2025-10-14 11:43:19
BUKA-REK-28423E90DD35,KOP-A6092FD4DA3B,760213**********,PENANGGUNG-JAWAB,0813,Requested,002,BRI,2025-10-13 03:39:16,2025-10-13 03:39:16
BUKA-REK-3D37CFD9E9B0,KOP-79093D2C7DD3,170613**********,PENANGGUNG-JAWAB,0851,Requested,008,MANDIRI,2025-10-12 09:00:13,2025-10-12 09:00:13
BUKA-REK-22E88C62A020,KOP-DC8989601DC6,327606**********,PENANGGUNG-JAWAB,0857,Requested,008,MANDIRI,2025-10-08 06:13:09,2025-10-08 06:13:09
BUKA-REK-AAA869A45CA2,KOP-64F56589BE3D,750304**********,PENANGGUNG-JAWAB,0851,Requested,002,BRI,2025-10-07 11:23:01,2025-10-07 11:23:01
BUKA-REK-1AB861E069F3,KOP-490352630B52,637202**********,PENANGGUNG-JAWAB,0811,Requested,002,BRI,2025-10-06 08:15:21,2025-10-06 08:15:21
BUKA-REK-AAE7805D10B3,KOP-B1ABC32458A9,120909**********,PENANGGUNG-JAWAB,0852,Requested,002,BRI,2025-10-04 16:30:24,2025-10-04 16:30:24
BUKA-REK-AD876F9584D6,KOP-25DE523FB7C8,127103**********,PENANGGUNG-JAWAB,0823,Requested,008,MANDIRI,2025-10-03 15:19:17,2025-10-03 15:19:17
BUKA-REK-64EB5A5F1BD4,KOP-0941B0CD3749,352318**********,PENANGGUNG-JAWAB,0895,Requested,002,BRI,2025-10-02 11:21:21,2025-10-02 11:21:21
BUKA-REK-F89ED6FED98A,KOP-0CCD84525375,160220**********,PENANGGUNG-JAWAB,0853,Requested,002,BRI,2025-09-29 16:59:25,2025-09-29 16:59:25
BUKA-REK-09E0E847E286,KOP-031C6E5CEF45,190502**********,PENANGGUNG-JAWAB,0822,Requested,002,BRI,2025-09-27 06:04:49,2025-09-27 06:04:49
BUKA-REK-7875FA741191,KOP-B531CE1A3C0B,750308**********,PENANGGUNG-JAWAB,0823,Requested,009,BNI,2025-09-25 00:51:28,2025-09-25 00:51:28
BUKA-REK-0EF3DA2BF0E1,KOP-D1C65A427BBC,130805**********,PENANGGUNG-JAWAB,0812,Requested,008,MANDIRI,2025-09-23 11:04:14,2025-09-23 11:04:14
BUKA-REK-3358FE4757B3,KOP-374C1C8E314E,720609**********,PENANGGUNG-JAWAB,0822,Requested,002,BRI,2025-09-22 15:56:30,2025-09-22 15:56:30
BUKA-REK-3CEED87D0E9B,KOP-B10523F35440,920530**********,PENANGGUNG-JAWAB,0821,Requested,008,MANDIRI,2025-09-22 01:38:41,2025-09-22 01:38:41
BUKA-REK-D5CB930AAB74,KOP-C477611FAC44,320818**********,PENANGGUNG-JAWAB,0812,Requested,009,BNI,2025-09-21 21:32:11,2025-09-21 21:32:11
BUKA-REK-F1ABDC7D3B42,KOP-4A0579990FAD,827106**********,PENANGGUNG-JAWAB,0812,Requested,002,BRI,2025-09-20 12:59:18,2025-09-20 12:59:18
BUKA-REK-7B4481BBFD85,KOP-8890162D2611,610709**********,PENANGGUNG-JAWAB,0815,Requested,008,MANDIRI,2025-09-19 13:48:36,2025-09-19 13:48:36
BUKA-REK-38A1C544F63E,KOP-F7EEEA6FC914,170413**********,PENANGGUNG-JAWAB,0823,Requested,002,BRI,2025-09-18 19:29:42,2025-09-18 19:29:42
BUKA-REK-03899D864FBE,KOP-29068BAFA8DD,327319**********,PENANGGUNG-JAWAB,0813,Requested,002,BRI,2025-09-16 21:20:00,2025-09-16 21:20:00
BUKA-REK-F7622FCCD72C,KOP-7430A16FD6F4,360304**********,PENANGGUNG-JAWAB,0852,Requested,008,MANDIRI,2025-09-15 20:55:45,2025-09-15 20:55:45
BUKA-REK-ADA45CBEF0C2,KOP-D4F5D8F84AC5,321526**********,PENANGGUNG-JAWAB,0812,Requested,009,BNI,2025-09-13 20:18:45,2025-09-13 20:18:45
BUKA-REK-D1E664925492,KOP-7430A16FD6F4,360304**********,PENANGGUNG-JAWAB,0852,Requested,451,BSI,2025-09-13 07:42:32,2025-09-13 07:42:32
BUKA-REK-CE482AF99421,KOP-ACF8EA201685,340310**********,PENANGGUNG-JAWAB,0851,Requested,002,BRI,2025-09-12 21:28:46,2025-09-12 21:28:46
BUKA-REK-F6E95AF49B5F,KOP-8401EEB57A1E,640215**********,PENANGGUNG-JAWAB,0812,Requested,002,BRI,2025-09-12 16:16:09,2025-09-12 16:16:09
BUKA-REK-BD8266712B05,KOP-ACC7A07D01E1,330401**********,PENANGGUNG-JAWAB,0812,Requested,002,BRI,2025-09-12 09:50:29,2025-09-12 09:50:29
BUKA-REK-9CE5D412CA9E,KOP-1D191C80D49E,167302**********,PENANGGUNG-JAWAB,0811,Requested,008,MANDIRI,2025-09-11 17:57:24,2025-09-11 17:57:24
BUKA-REK-F2EF96667507,KOP-5B0EC24216BB,917104**********,PENANGGUNG-JAWAB,0812,Requested,002,BRI,2025-09-10 15:27:26,2025-09-10 15:27:26
BUKA-REK-10239C1AB785,KOP-09461B066762,517103**********,PENANGGUNG-JAWAB,0878,Requested,009,BNI,2025-09-10 15:27:21,2025-09-10 15:27:21
BUKA-REK-9C0EE02B9D8D,KOP-41D3B9464464,180113**********,PENANGGUNG-JAWAB,0813,Requested,008,MANDIRI,2025-09-10 15:27:14,2025-09-10 15:27:14
BUKA-REK-50B43E3F5655,KOP-F8A8ED1123A3,167107**********,PENANGGUNG-JAWAB,0812,Requested,009,BNI,2025-09-10 15:27:13,2025-09-10 15:27:13
BUKA-REK-33E11005074C,KOP-1AC89CE7F7C7,320205**********,PENANGGUNG-JAWAB,0857,Requested,002,BRI,2025-09-10 08:55:21,2025-09-10 08:55:21
BUKA-REK-E9DCA09F92C2,KOP-7E739FF3CD81,197103**********,PENANGGUNG-JAWAB,0813,Requested,008,MANDIRI,2025-09-05 19:30:26,2025-09-05 19:30:26
BUKA-REK-BEF4BE554445,KOP-EEE70C54C827,620301**********,PENANGGUNG-JAWAB,0852,Requested,008,MANDIRI,2025-09-04 19:10:35,2025-09-04 19:10:35
BUKA-REK-AEAFBA03E55C,KOP-1F12A9CA1D0D,360129**********,PENANGGUNG-JAWAB,0838,Requested,002,BRI,2025-09-04 15:17:20,2025-09-04 15:17:20
BUKA-REK-C352FFDDF1E4,KOP-AEED9CE29ED2,740405**********,PENANGGUNG-JAWAB,0813,Requested,002,BRI,2025-09-04 10:05:51,2025-09-04 10:05:51
BUKA-REK-FD3AF7804250,KOP-143482E6859B,710512**********,PENANGGUNG-JAWAB,0857,Requested,009,BNI,2025-08-31 20:24:35,2025-09-01 15:47:39
BUKA-REK-28D208A2FF23,KOP-C8099050DCA6,332002**********,PENANGGUNG-JAWAB,0812,Requested,008,MANDIRI,2025-08-28 19:05:32,2025-09-01 15:47:38
BUKA-REK-E1B83CA486F9,KOP-FD1E6F71D4FE,820304**********,PENANGGUNG-JAWAB,0821,Requested,008,MANDIRI,2025-08-28 12:30:09,2025-09-01 15:47:37
BUKA-REK-5D7F05B4A2FE,KOP-42D3D83728AB,730209**********,PENANGGUNG-JAWAB,0877,Requested,002,BRI,2025-08-27 10:23:26,2025-09-01 15:47:36
BUKA-REK-2F284307F9EF,KOP-FED3FACCFE97,527201**********,PENANGGUNG-JAWAB,0852,Requested,002,BRI,2025-08-27 05:45:43,2025-09-01 15:47:36
BUKA-REK-736AE128F2DF,KOP-E0932E71D007,350817**********,PENANGGUNG-JAWAB,0812,Requested,008,MANDIRI,2025-08-24 17:06:05,2025-09-01 15:47:35
BUKA-REK-239EF2502046,KOP-A79353540BB2,920518**********,PENANGGUNG-JAWAB,0852,Requested,009,BNI,2025-08-15 23:26:20,2025-09-01 15:47:33
BUKA-REK-C071A7CAFEF5,KOP-11EF868AB11E,210204**********,PENANGGUNG-JAWAB,0811,Requested,002,BRI,2025-08-15 17:56:15,2025-09-01 15:47:33
BUKA-REK-31B27F55B4A2,KOP-5FEEF0AD7FC1,317505**********,PENANGGUNG-JAWAB,0896,Requested,002,BRI,2025-08-10 10:15:13,2025-09-01 15:47:32
BUKA-REK-2587295844CF,KOP-8F98572A481B,910301**********,PENANGGUNG-JAWAB,0821,Requested,002,BRI,2025-08-03 21:20:13,2025-09-01 15:47:31
BUKA-REK-31769AD1067B,KOP-11EF868AB11E,210204**********,PENANGGUNG-JAWAB,0811,Requested,008,MANDIRI,2025-08-02 01:49:27,2025-09-01 15:47:31
BUKA-REK-2C26AF359D3F,KOP-D50E2759CE15,161005**********,PENANGGUNG-JAWAB,0812,Requested,002,BRI,2025-08-01 10:58:52,2025-09-01 15:47:30
BUKA-REK-C5845E25356F,KOP-8FCC4B34CC5B,520203**********,PENANGGUNG-JAWAB,0878,Requested,008,MANDIRI,2025-07-29 09:04:28,2025-09-01 15:47:30
BUKA-REK-C6717D0F381A,KOP-8FCC4B34CC5B,520203**********,PENANGGUNG-JAWAB,0878,Requested,009,BNI,2025-07-26 16:52:53,2025-09-01 15:47:29
BUKA-REK-75830E122ACD,KOP-1503549DEBD7,327608**********,PENANGGUNG-JAWAB,0851,Requested,009,BNI,2025-07-25 11:42:49,2025-09-01 15:47:29
BUKA-REK-C839898A0D80,KOP-83C113FE9E39,140702**********,PENANGGUNG-JAWAB,0813,Requested,008,MANDIRI,2025-10-21 17:20:19,2025-10-21 17:20:19
BUKA-REK-20B8047803AF,KOP-020CDB1F3B78,920905**********,PENANGGUNG-JAWAB,0821,Requested,002,BRI,2025-10-21 10:20:38,2025-10-21 10:20:38
BUKA-REK-BEFB840F2141,KOP-DA1B7B3D075A,180118**********,PENANGGUNG-JAWAB,0821,Requested,002,BRI,2025-10-19 08:35:33,2025-10-19 08:35:33
BUKA-REK-E945953E0340,KOP-3B6BDB14941B,117401**********,PENANGGUNG-JAWAB,0852,Requested,451,BSI,2025-10-17 17:08:27,2025-10-17 17:08:27
BUKA-REK-5BEAF48CEBA7,KOP-F83D04374304,531505**********,PENANGGUNG-JAWAB,0821,Requested,008,MANDIRI,2025-10-17 12:10:37,2025-10-17 12:10:37
BUKA-REK-4455DB5DD410,KOP-4E812CBC9BE0,210207**********,PENANGGUNG-JAWAB,0852,Requested,009,BNI,2025-10-13 01:20:23,2025-10-13 01:20:23
BUKA-REK-768113466183,KOP-4B5D9F8ABBE2,717304**********,PENANGGUNG-JAWAB,0812,Requested,002,BRI,2025-10-12 04:34:40,2025-10-12 04:34:40
BUKA-REK-169FD556C25A,KOP-067A8816C434,750304**********,PENANGGUNG-JAWAB,0822,Requested,002,BRI,2025-10-04 10:34:41,2025-10-04 10:34:41
BUKA-REK-42BD0B001647,KOP-E00D094F83AD,120304**********,PENANGGUNG-JAWAB,0812,Requested,002,BRI,2025-10-03 10:50:30,2025-10-03 10:50:30
BUKA-REK-78F1783FBB32,KOP-E0932E71D007,350817**********,PENANGGUNG-JAWAB,0812,Requested,002,BRI,2025-09-29 10:29:13,2025-09-29 10:29:13
BUKA-REK-30AE4AB90F8E,KOP-7EF6025DC02A,320413**********,PENANGGUNG-JAWAB,0812,Requested,008,MANDIRI,2025-09-24 13:34:24,2025-09-24 13:34:24
BUKA-REK-6D2329960012,KOP-6CD12C90D1FB,127103**********,PENANGGUNG-JAWAB,0852,Requested,008,MANDIRI,2025-09-22 11:47:18,2025-09-22 11:47:18
BUKA-REK-6E0643F63AA7,KOP-B10523F35440,920503**********,PENANGGUNG-JAWAB,0821,Requested,008,MANDIRI,2025-09-20 22:45:07,2025-09-20 22:45:07
BUKA-REK-165DE93CF416,KOP-F7EEEA6FC914,170413**********,PENANGGUNG-JAWAB,0823,Requested,008,MANDIRI,2025-09-18 19:32:32,2025-09-18 19:32:32
BUKA-REK-DF1FEA57C89A,KOP-E100AA35CC9F,320537**********,PENANGGUNG-JAWAB,0813,Requested,009,BNI,2025-09-18 14:17:36,2025-09-18 14:17:36
BUKA-REK-F26B8B40863C,KOP-83C113FE9E39,140702**********,PENANGGUNG-JAWAB,0813,Requested,002,BRI,2025-09-18 10:49:18,2025-09-18 10:49:18
BUKA-REK-91647B1E1915,KOP-5363348A843B,610102**********,PENANGGUNG-JAWAB,0895,Requested,008,MANDIRI,2025-09-17 10:43:57,2025-09-17 10:43:57
BUKA-REK-E0840C061304,KOP-5EBCD73F6A80,190204**********,PENANGGUNG-JAWAB,0821,Requested,002,BRI,2025-09-15 16:34:49,2025-09-15 16:34:49
BUKA-REK-08CBB1FB4A27,KOP-DC3F889990C5,720406**********,PENANGGUNG-JAWAB,0813,Requested,002,BRI,2025-09-14 00:31:02,2025-09-14 00:31:02
BUKA-REK-AB5EC2E33084,KOP-28696A271034,760209**********,PENANGGUNG-JAWAB,0853,Requested,002,BRI,2025-09-12 17:45:46,2025-09-12 17:45:46
BUKA-REK-903978399455,KOP-56533935A168,367207**********,PENANGGUNG-JAWAB,0877,Requested,008,MANDIRI,2025-09-10 15:27:16,2025-09-10 15:27:16
BUKA-REK-7C632E9219A1,KOP-D1946E4B2401,160513**********,PENANGGUNG-JAWAB,0823,Requested,008,MANDIRI,2025-09-10 15:27:13,2025-09-10 15:27:13
BUKA-REK-7279F1413BC8,KOP-A87B26AD21CB,827201**********,PENANGGUNG-JAWAB,0822,Requested,002,BRI,2025-09-08 10:05:00,2025-09-08 10:05:00
BUKA-REK-7E670471EB54,KOP-29068BAFA8DD,327319**********,PENANGGUNG-JAWAB,0813,Requested,002,BRI,2025-09-06 19:47:29,2025-09-06 19:47:29
BUKA-REK-A5A3B05F544B,KOP-C8099050DCA6,332002**********,PENANGGUNG-JAWAB,0812,Requested,009,BNI,2025-09-06 09:56:19,2025-09-06 09:56:19
BUKA-REK-1A044715D9F7,KOP-63C7EA019DA0,320208**********,PENANGGUNG-JAWAB,0858,Requested,002,BRI,2025-09-04 14:32:31,2025-09-04 14:32:31
BUKA-REK-AE0DD2015F06,KOP-5E5D8414AC8C,630407**********,PENANGGUNG-JAWAB,0878,Requested,002,BRI,2025-09-04 08:25:10,2025-09-04 08:25:10
BUKA-REK-DD9ED5AB5308,KOP-3F369B8F94BF,640302**********,PENANGGUNG-JAWAB,0813,Requested,002,BRI,2025-09-02 04:34:35,2025-09-02 04:34:35
BUKA-REK-A5AB3680890B,KOP-1B43DAA5DD35,360215**********,PENANGGUNG-JAWAB,0838,Requested,451,BSI,2025-09-01 22:31:08,2025-09-01 22:31:08
BUKA-REK-64FE65C4B8BA,KOP-07050B4794D4,337413**********,PENANGGUNG-JAWAB,0856,Requested,002,BRI,2025-08-29 21:15:25,2025-09-01 15:47:39
BUKA-REK-424C667FFA97,KOP-C8099050DCA6,332002**********,PENANGGUNG-JAWAB,0812,Requested,008,MANDIRI,2025-08-28 19:10:41,2025-09-01 15:47:38
BUKA-REK-30B98BDDD286,KOP-85B912097BC2,340207**********,PENANGGUNG-JAWAB,0898,Requested,002,BRI,2025-08-28 18:34:18,2025-09-01 15:47:38
BUKA-REK-4563A00112F1,KOP-7753E3052E8B,620505**********,PENANGGUNG-JAWAB,0852,Requested,002,BRI,2025-08-27 16:28:36,2025-09-01 15:47:37
BUKA-REK-3B06AAF7DEC0,KOP-A6A922CDBDE6,167110**********,PENANGGUNG-JAWAB,0819,Requested,009,BNI,2025-08-26 13:05:55,2025-09-01 15:47:36
BUKA-REK-C2D057E71446,KOP-AEED9CE29ED2,740405**********,PENANGGUNG-JAWAB,0813,Requested,002,BRI,2025-08-23 07:34:47,2025-09-01 15:47:34
BUKA-REK-8233C63259CE,KOP-8FCC4B34CC5B,520203**********,PENANGGUNG-JAWAB,0878,Requested,002,BRI,2025-08-18 15:01:34,2025-09-01 15:47:33
BUKA-REK-159F7CE1DB2A,KOP-773354D8C546,327610**********,PENANGGUNG-JAWAB,0815,Requested,002,BRI,2025-08-16 15:51:42,2025-09-01 15:47:33
BUKA-REK-7AD6733CE4A9,KOP-3B2BF2E110CE,917101**********,PENANGGUNG-JAWAB,0812,Requested,002,BRI,2025-08-13 12:01:02,2025-09-01 15:47:32
BUKA-REK-42E00C695DBB,KOP-B6E872120528,160311**********,PENANGGUNG-JAWAB,0895,Requested,008,MANDIRI,2025-08-07 20:38:50,2025-09-01 15:47:32
BUKA-REK-C362F7841B9E,KOP-11EF868AB11E,210204**********,PENANGGUNG-JAWAB,0811,Requested,008,MANDIRI,2025-08-02 01:51:33,2025-09-01 15:47:31
BUKA-REK-F02E2B68FBEF,KOP-11EF868AB11E,210204**********,PENANGGUNG-JAWAB,0811,Requested,002,BRI,2025-08-02 01:49:27,2025-09-01 15:47:31
BUKA-REK-3FE867FD686F,KOP-A3E19EED221E,351017**********,PENANGGUNG-JAWAB,0822,Requested,008,MANDIRI,2025-08-01 16:25:08,2025-09-01 15:47:31
BUKA-REK-009995C8E6EF,KOP-17345F86D79F,710605**********,PENANGGUNG-JAWAB,0821,Requested,009,BNI,2025-07-29 19:37:03,2025-09-01 15:47:30
BUKA-REK-F7E829E773E5,KOP-601D642AE2A3,170512**********,PENANGGUNG-JAWAB,0821,Requested,002,BRI,2025-07-28 21:16:11,2025-09-01 15:47:29
BUKA-REK-8C994E141EBD,KOP-B714B0783DD2,750305**********,PENANGGUNG-JAWAB,0852,Requested,009,BNI,2025-07-28 13:22:07,2025-09-01 15:47:29
BUKA-REK-44374DD36833,KOP-D933BCE334A8,317102**********,PENANGGUNG-JAWAB,0859,Requested,002,BRI,2025-07-17 12:19:06,2025-09-01 15:47:28
BUKA-REK-E8935D3AF5B4,KOP-6404ECEE5D07,910301**********,PENANGGUNG-JAWAB,0821,Requested,002,BRI,2025-07-14 13:17:12,2025-09-01 15:47:28
BUKA-REK-8A5AD28E7364,KOP-1D191C80D49E,167306**********,PENANGGUNG-JAWAB,0813,Requested,002,BRI,2025-07-14 07:53:49,2025-09-01 15:47:27
BUKA-REK-236C3B383C14,KOP-E25E998E750C,140306**********,PENANGGUNG-JAWAB,0852,Requested,008,MANDIRI,2025-10-20 12:34:11,2025-10-20 12:34:11
BUKA-REK-C1D492CE381A,KOP-363376B1BE50,117404**********,PENANGGUNG-JAWAB,0821,Requested,451,BSI,2025-10-17 10:48:18,2025-10-17 10:48:18
BUKA-REK-9155A0D823BF,KOP-81525E23DCE4,180527**********,PENANGGUNG-JAWAB,0821,Requested,002,BRI,2025-10-07 13:51:05,2025-10-07 13:51:05
BUKA-REK-E697DFD7081D,KOP-EA67B7B58067,720804**********,PENANGGUNG-JAWAB,0823,Requested,002,BRI,2025-10-04 08:11:43,2025-10-04 08:11:43
BUKA-REK-C1B96AB9C559,KOP-E9C248D0D47B,710408**********,PENANGGUNG-JAWAB,0851,Requested,002,BRI,2025-10-02 19:10:50,2025-10-02 19:10:50
BUKA-REK-8C5AA1526B2B,KOP-B1ABC32458A9,120909**********,PENANGGUNG-JAWAB,0852,Requested,002,BRI,2025-10-01 21:03:07,2025-10-01 21:03:07
BUKA-REK-C8B14085E7F3,KOP-51CEA4BD7CC8,217201**********,PENANGGUNG-JAWAB,0853,Requested,009,BNI,2025-09-29 21:43:28,2025-09-29 21:43:28
BUKA-REK-FD7D4C415E57,KOP-0941B0CD3749,352414**********,PENANGGUNG-JAWAB,0852,Requested,002,BRI,2025-09-28 00:17:50,2025-09-28 00:17:50
BUKA-REK-2BC7859CA910,KOP-8B2C0F7A6856,927101**********,PENANGGUNG-JAWAB,0813,Requested,002,BRI,2025-09-25 12:23:03,2025-09-25 12:23:03
BUKA-REK-160C56E51C33,KOP-B10523F35440,927105**********,PENANGGUNG-JAWAB,0821,Requested,008,MANDIRI,2025-09-17 12:52:49,2025-09-17 12:52:49
BUKA-REK-483ECE43AB96,KOP-1F68563667D5,127704**********,PENANGGUNG-JAWAB,0811,Requested,008,MANDIRI,2025-09-12 11:55:24,2025-09-12 11:55:24
BUKA-REK-EB2C3C317742,KOP-1AC89CE7F7C7,320205**********,PENANGGUNG-JAWAB,0857,Requested,009,BNI,2025-09-11 14:26:22,2025-09-11 14:26:22
BUKA-REK-B6AB95C5AF13,KOP-1AC89CE7F7C7,320205**********,PENANGGUNG-JAWAB,0857,Requested,008,MANDIRI,2025-09-11 14:23:00,2025-09-11 14:23:00
BUKA-REK-5C990E55068D,KOP-514ABA614D51,190304**********,PENANGGUNG-JAWAB,0857,Requested,002,BRI,2025-09-09 09:44:45,2025-09-09 09:44:45
BUKA-REK-FF5A446C161A,KOP-A40401C9BC33,760503**********,PENANGGUNG-JAWAB,0852,Requested,002,BRI,2025-09-08 09:04:22,2025-09-08 09:04:22
BUKA-REK-E6BB4BF313C9,KOP-BF017F60BE43,167105**********,PENANGGUNG-JAWAB,0812,Requested,008,MANDIRI,2025-09-08 06:14:58,2025-09-08 06:14:58
BUKA-REK-2D771328FBA8,KOP-F95007758A9A,810410**********,PENANGGUNG-JAWAB,0812,Requested,002,BRI,2025-09-04 19:16:45,2025-09-04 19:16:45
BUKA-REK-1D60E476AA19,KOP-F8A8C4A23601,630308**********,PENANGGUNG-JAWAB,0813,Requested,002,BRI,2025-08-31 15:55:43,2025-09-01 15:47:39
BUKA-REK-21757AE1AC11,KOP-0E5AB3831996,720111**********,PENANGGUNG-JAWAB,0858,Requested,002,BRI,2025-08-30 12:17:08,2025-09-01 15:47:39
BUKA-REK-6678CD478AB0,KOP-C8099050DCA6,332002**********,PENANGGUNG-JAWAB,0812,Requested,008,MANDIRI,2025-08-28 19:35:45,2025-09-01 15:47:38
BUKA-REK-0390E8BF2177,KOP-C8099050DCA6,332002**********,PENANGGUNG-JAWAB,0812,Requested,002,BRI,2025-08-28 18:55:00,2025-09-01 15:47:38
BUKA-REK-4188AD924F3C,KOP-85B912097BC2,340207**********,PENANGGUNG-JAWAB,0898,Requested,002,BRI,2025-08-28 18:34:41,2025-09-01 15:47:38
BUKA-REK-482ED8A2D98B,KOP-1B43DAA5DD35,360215**********,PENANGGUNG-JAWAB,0838,Requested,008,MANDIRI,2025-08-26 21:48:58,2025-09-01 15:47:36
BUKA-REK-5F734A23A1D9,KOP-1B43DAA5DD35,360215**********,PENANGGUNG-JAWAB,0838,Requested,451,BSI,2025-08-26 21:44:12,2025-09-01 15:47:36
BUKA-REK-E883FCD7007F,KOP-126CF8F7DCA5,530412**********,PENANGGUNG-JAWAB,0812,Requested,008,MANDIRI,2025-08-25 19:05:58,2025-09-01 15:47:35
BUKA-REK-6E517F45E444,KOP-EEE70C54C827,620301**********,PENANGGUNG-JAWAB,0852,Requested,002,BRI,2025-08-20 09:56:47,2025-09-01 15:47:33
BUKA-REK-DB3488E49043,KOP-9CE47E00293A,610102**********,PENANGGUNG-JAWAB,0813,Requested,008,MANDIRI,2025-08-16 18:13:22,2025-09-01 15:47:33
BUKA-REK-BB2DDDD3823F,KOP-63C7EA019DA0,320308**********,PENANGGUNG-JAWAB,0857,Requested,002,BRI,2025-08-15 19:04:09,2025-09-01 15:47:33
BUKA-REK-829D71CC8D23,KOP-8FCC4B34CC5B,520203**********,PENANGGUNG-JAWAB,0878,Requested,002,BRI,2025-08-13 17:37:52,2025-09-01 15:47:32
BUKA-REK-3DF3564F1128,KOP-3B2BF2E110CE,917101**********,PENANGGUNG-JAWAB,0812,Requested,002,BRI,2025-08-13 12:01:44,2025-09-01 15:47:32
BUKA-REK-D47E1EBBDBD4,KOP-8D427607559E,747109**********,PENANGGUNG-JAWAB,0821,Requested,002,BRI,2025-08-10 19:30:40,2025-09-01 15:47:32
BUKA-REK-5AC67D9905FC,KOP-1B43DAA5DD35,360215**********,PENANGGUNG-JAWAB,0838,Requested,002,BRI,2025-08-08 00:40:37,2025-09-01 15:47:32
BUKA-REK-BBA2631284C2,KOP-11EF868AB11E,210204**********,PENANGGUNG-JAWAB,0811,Requested,002,BRI,2025-08-02 01:51:33,2025-09-01 15:47:31
BUKA-REK-207E940D7062,KOP-D50E2759CE15,161005**********,PENANGGUNG-JAWAB,0812,Requested,009,BNI,2025-08-02 01:03:34,2025-09-01 15:47:31
BUKA-REK-4D8B6B0DDCB9,KOP-C7158369B236,820106**********,PENANGGUNG-JAWAB,0813,Requested,002,BRI,2025-07-28 21:20:58,2025-09-01 15:47:29
BUKA-REK-652FDDAA8F34,KOP-601D642AE2A3,170512**********,PENANGGUNG-JAWAB,0821,Requested,002,BRI,2025-07-28 21:17:31,2025-09-01 15:47:29
BUKA-REK-8ED87D528D29,KOP-143482E6859B,710512**********,PENANGGUNG-JAWAB,0857,Requested,009,BNI,2025-07-26 12:36:12,2025-09-01 15:47:29
BUKA-REK-BE47E8AB01FC,KOP-4BB3B1F96381,910256**********,PENANGGUNG-JAWAB,0822,Requested,002,BRI,2025-07-17 10:58:49,2025-09-01 15:47:28
BUKA-REK-00CF6D7F0F84,KOP-1D191C80D49E,167302**********,PENANGGUNG-JAWAB,0811,Requested,002,BRI,2025-07-14 08:37:00,2025-09-01 15:47:27
BUKA-REK-C3E38D223858,KOP-AA317681427C,110802**********,PENANGGUNG-JAWAB,0813,Requested,451,BSI,2025-10-11 15:04:45,2025-10-11 15:04:45
BUKA-REK-8404D6775E7A,KOP-B6E872120528,160311**********,PENANGGUNG-JAWAB,0895,Requested,002,BRI,2025-10-06 22:17:47,2025-10-06 22:17:47
BUKA-REK-4FE36A08DD37,KOP-7B874FBA865D,140711**********,PENANGGUNG-JAWAB,0823,Requested,008,MANDIRI,2025-10-04 21:12:05,2025-10-04 21:12:05
BUKA-REK-22A51D3FB2F9,KOP-F0DE10C14A88,717403**********,PENANGGUNG-JAWAB,0858,Requested,002,BRI,2025-10-02 18:47:57,2025-10-02 18:47:57
BUKA-REK-F2A5CD874DF5,KOP-7042743A5242,140502**********,PENANGGUNG-JAWAB,0812,Requested,002,BRI,2025-09-26 08:40:33,2025-09-26 08:40:33
BUKA-REK-63EF4D5D17F7,KOP-2929790759DD,351506**********,PENANGGUNG-JAWAB,0822,Requested,002,BRI,2025-09-25 11:16:46,2025-09-25 11:16:46
BUKA-REK-40AA6F57A8D3,KOP-44B9B3239121,927103**********,PENANGGUNG-JAWAB,0812,Requested,002,BRI,2025-09-22 19:02:50,2025-09-22 19:02:50
BUKA-REK-DD8D4E07A67D,KOP-96D8E8EB49AF,920413**********,PENANGGUNG-JAWAB,0853,Requested,008,MANDIRI,2025-09-10 10:35:22,2025-09-10 10:35:22
BUKA-REK-0BB044F06712,KOP-B2833DEE5B43,190403**********,PENANGGUNG-JAWAB,0831,Requested,002,BRI,2025-09-08 16:03:50,2025-09-08 16:03:50
BUKA-REK-9FD9336D5D05,KOP-BF017F60BE43,167105**********,PENANGGUNG-JAWAB,0812,Requested,008,MANDIRI,2025-09-08 06:10:21,2025-09-08 06:10:21
BUKA-REK-AC2B039C34D6,KOP-9415FFF6BF8A,760507**********,PENANGGUNG-JAWAB,0823,Requested,002,BRI,2025-09-07 07:34:01,2025-09-07 07:34:01
BUKA-REK-AF468D195926,KOP-0D3668813371,121322**********,PENANGGUNG-JAWAB,0818,Requested,008,MANDIRI,2025-09-05 09:49:37,2025-09-05 09:49:37
BUKA-REK-BFF7A34AFDBA,KOP-F8A8C4A23601,630308**********,PENANGGUNG-JAWAB,0813,Requested,002,BRI,2025-08-31 15:57:53,2025-09-01 15:47:39
BUKA-REK-F3DF4585C6C7,KOP-B531CE1A3C0B,750308**********,PENANGGUNG-JAWAB,0823,Requested,002,BRI,2025-08-31 14:05:08,2025-09-01 15:47:39
BUKA-REK-FCB3B8C9AC92,KOP-C8099050DCA6,332002**********,PENANGGUNG-JAWAB,0812,Requested,002,BRI,2025-08-28 19:03:52,2025-09-01 15:47:38
BUKA-REK-04C720C9AA18,KOP-12DF50D66B6F,330718**********,PENANGGUNG-JAWAB,0811,Requested,009,BNI,2025-08-28 10:13:18,2025-09-01 15:47:37
BUKA-REK-3DEDB7BCBF06,KOP-7B874FBA865D,140711**********,PENANGGUNG-JAWAB,0853,Requested,002,BRI,2025-08-28 02:43:27,2025-09-01 15:47:37
BUKA-REK-0D35DD81CF0A,KOP-4D254395D0D1,810201**********,PENANGGUNG-JAWAB,0813,Requested,002,BRI,2025-08-26 13:34:05,2025-09-01 15:47:36
BUKA-REK-ED6768469B05,KOP-63C7EA019DA0,320308**********,PENANGGUNG-JAWAB,0857,Requested,002,BRI,2025-08-16 13:42:16,2025-09-01 15:47:33
BUKA-REK-47D4C87E5A7E,KOP-63C7EA019DA0,320308**********,PENANGGUNG-JAWAB,0857,Requested,008,MANDIRI,2025-08-15 19:08:58,2025-09-01 15:47:33
BUKA-REK-E229119D6AC3,KOP-11EF868AB11E,210204**********,PENANGGUNG-JAWAB,0811,Requested,009,BNI,2025-08-15 17:56:16,2025-09-01 15:47:33
BUKA-REK-CCC1E4C7A1A3,KOP-B38A015B7FED,740512**********,PENANGGUNG-JAWAB,0821,Requested,002,BRI,2025-08-12 07:46:14,2025-09-01 15:47:32
BUKA-REK-E59862AAEECE,KOP-1B7D98738E36,360315**********,PENANGGUNG-JAWAB,0895,Requested,002,BRI,2025-07-30 12:58:08,2025-09-01 15:47:30
BUKA-REK-056E5EF68BD0,KOP-1D191C80D49E,167306**********,PENANGGUNG-JAWAB,0813,Requested,009,BNI,2025-07-26 09:20:09,2025-09-01 15:47:29
BUKA-REK-F15929EA0060,KOP-DC3F889990C5,720406**********,PENANGGUNG-JAWAB,0813,Requested,002,BRI,2025-07-22 22:50:28,2025-09-01 15:47:28
BUKA-REK-D10BE7BCC45B,KOP-4BB3B1F96381,910256**********,PENANGGUNG-JAWAB,0822,Requested,002,BRI,2025-07-17 11:06:46,2025-09-01 15:47:28
BUKA-REK-1C2530A7218F,KOP-8FCC4B34CC5B,520203**********,PENANGGUNG-JAWAB,0878,Requested,002,BRI,2025-07-15 21:56:00,2025-09-01 15:47:28
BUKA-REK-741DD6C02828,KOP-B34B3FB96A3F,111701**********,PENANGGUNG-JAWAB,0823,Requested,451,BSI,2025-10-02 20:00:14,2025-10-02 20:00:14
BUKA-REK-32125DB0653B,KOP-7F359EA7F4D8,710215**********,PENANGGUNG-JAWAB,0821,Requested,002,BRI,2025-09-30 17:32:39,2025-09-30 17:32:39
BUKA-REK-CBE0889C18EA,KOP-8CD2D1373B3D,180718**********,PENANGGUNG-JAWAB,0852,Requested,002,BRI,2025-09-19 15:44:20,2025-09-19 15:44:20
BUKA-REK-37E55B66F65B,KOP-25DE523FB7C8,127103**********,PENANGGUNG-JAWAB,0823,Requested,002,BRI,2025-09-17 12:29:04,2025-09-17 12:29:04
BUKA-REK-D1688DBF6A4B,KOP-BC144DF86705,140212**********,PENANGGUNG-JAWAB,0853,Requested,008,MANDIRI,2025-09-15 02:38:50,2025-09-15 02:38:50
BUKA-REK-D7320FC175C0,KOP-BE3BE4D99239,927103**********,PENANGGUNG-JAWAB,0813,Requested,002,BRI,2025-09-10 15:27:25,2025-09-10 15:27:25
BUKA-REK-AC0962368704,KOP-B10523F35440,920503**********,PENANGGUNG-JAWAB,0821,Requested,008,MANDIRI,2025-09-06 21:01:52,2025-09-06 21:01:52
BUKA-REK-A15C6CD2B25F,KOP-F032E82B16ED,760501**********,PENANGGUNG-JAWAB,0852,Requested,002,BRI,2025-09-05 07:39:26,2025-09-05 07:39:26
BUKA-REK-615D3F9404EB,KOP-62F2074313A8,120304**********,PENANGGUNG-JAWAB,0822,Requested,008,MANDIRI,2025-08-29 20:28:23,2025-09-01 15:47:38
BUKA-REK-B7A8823FF8A1,KOP-C8099050DCA6,332002**********,PENANGGUNG-JAWAB,0812,Requested,002,BRI,2025-08-28 19:05:32,2025-09-01 15:47:38
BUKA-REK-3DBD4ED8C26F,KOP-9660D49F6A3C,190306**********,PENANGGUNG-JAWAB,0831,Requested,002,BRI,2025-08-27 14:15:30,2025-09-01 15:47:37
BUKA-REK-76C02F24B82A,KOP-A6A922CDBDE6,167110**********,PENANGGUNG-JAWAB,0819,Requested,008,MANDIRI,2025-08-26 13:02:58,2025-09-01 15:47:36
BUKA-REK-25AAF573F654,KOP-E0932E71D007,350817**********,PENANGGUNG-JAWAB,0812,Requested,002,BRI,2025-08-24 17:06:05,2025-09-01 15:47:35
BUKA-REK-C10C26989835,KOP-B1A81B275B29,750104**********,PENANGGUNG-JAWAB,0852,Requested,002,BRI,2025-08-13 06:40:31,2025-09-01 15:47:32
BUKA-REK-D2AD968AF103,KOP-B38A015B7FED,740512**********,PENANGGUNG-JAWAB,0821,Requested,002,BRI,2025-08-12 07:47:39,2025-09-01 15:47:32
BUKA-REK-1A465EB9E968,KOP-A76C3AE263D8,327206**********,PENANGGUNG-JAWAB,0857,Requested,002,BRI,2025-08-07 21:49:06,2025-09-01 15:47:32
BUKA-REK-2CEFF3EE6686,KOP-A76C3AE263D8,327206**********,PENANGGUNG-JAWAB,0857,Requested,009,BNI,2025-08-07 21:49:06,2025-09-01 15:47:32
BUKA-REK-DB8AED46133D,KOP-A76C3AE263D8,327206**********,PENANGGUNG-JAWAB,0857,Requested,008,MANDIRI,2025-08-07 21:49:06,2025-09-01 15:47:32
BUKA-REK-489E49CD2072,KOP-0F887972543F,627101**********,PENANGGUNG-JAWAB,0822,Requested,002,BRI,2025-08-07 07:57:09,2025-09-01 15:47:31
BUKA-REK-80C211D07531,KOP-11EF868AB11E,210204**********,PENANGGUNG-JAWAB,0811,Requested,009,BNI,2025-08-02 01:49:27,2025-09-01 15:47:31
BUKA-REK-A044E6BE74EB,KOP-1503549DEBD7,327608**********,PENANGGUNG-JAWAB,0851,Requested,002,BRI,2025-07-25 11:42:49,2025-09-01 15:47:29
BUKA-REK-A19BFF1C6BB7,KOP-7D45CF638927,140808**********,PENANGGUNG-JAWAB,0821,Requested,002,BRI,2025-07-16 04:03:46,2025-09-01 15:47:28
BUKA-REK-5BEB4DC7CE2D,KOP-C4754CA5F967,520102**********,PENANGGUNG-JAWAB,0819,Requested,002,BRI,2025-07-14 09:44:54,2025-09-01 15:47:27
BUKA-REK-1F86F0C154F2,KOP-03B5979F3743,121009**********,PENANGGUNG-JAWAB,0821,Requested,451,BSI,2025-09-27 22:44:20,2025-09-27 22:44:20
BUKA-REK-8B5B6BC8E573,KOP-25DE523FB7C8,120724**********,PENANGGUNG-JAWAB,0822,Requested,002,BRI,2025-09-17 11:19:14,2025-09-17 11:19:14
BUKA-REK-CBB4B77CF36F,KOP-5382BABFFE98,710214**********,PENANGGUNG-JAWAB,0822,Requested,002,BRI,2025-09-10 15:27:23,2025-09-10 15:27:23
BUKA-REK-69CC9797C521,KOP-17BF4A3F5DF4,180104**********,PENANGGUNG-JAWAB,0896,Requested,002,BRI,2025-09-10 15:27:14,2025-09-10 15:27:14
BUKA-REK-30A9E7F1E2B8,KOP-6978F5C2B747,147107**********,PENANGGUNG-JAWAB,0852,Requested,008,MANDIRI,2025-09-10 15:27:10,2025-09-10 15:27:10
BUKA-REK-A4DDD9E11D57,KOP-96D8E8EB49AF,920413**********,PENANGGUNG-JAWAB,0853,Requested,002,BRI,2025-09-10 10:35:22,2025-09-10 10:35:22
BUKA-REK-71084717DD8B,KOP-B10523F35440,920503**********,PENANGGUNG-JAWAB,0821,Requested,008,MANDIRI,2025-09-06 21:00:30,2025-09-06 21:00:30
BUKA-REK-B471F44C7FF3,KOP-62F2074313A8,120304**********,PENANGGUNG-JAWAB,0822,Requested,008,MANDIRI,2025-08-29 20:28:46,2025-09-01 15:47:38
BUKA-REK-11EF2B82AF4C,KOP-C8099050DCA6,332002**********,PENANGGUNG-JAWAB,0812,Requested,002,BRI,2025-08-28 19:10:41,2025-09-01 15:47:38
BUKA-REK-0D468A11897E,KOP-08DCA2570480,760305**********,PENANGGUNG-JAWAB,0853,Requested,002,BRI,2025-08-27 15:00:35,2025-09-01 15:47:37
BUKA-REK-9A794B2A82F8,KOP-9660D49F6A3C,190306**********,PENANGGUNG-JAWAB,0831,Requested,002,BRI,2025-08-27 14:16:10,2025-09-01 15:47:37
BUKA-REK-8E5530E7E981,KOP-DE8845A4F610,161101**********,PENANGGUNG-JAWAB,0821,Requested,008,MANDIRI,2025-08-26 14:48:06,2025-09-01 15:47:36
BUKA-REK-0BE5DAA86503,KOP-63C7EA019DA0,320308**********,PENANGGUNG-JAWAB,0858,Requested,002,BRI,2025-08-14 15:30:18,2025-09-01 15:47:32
BUKA-REK-F8A45DD4375C,KOP-8D427607559E,747109**********,PENANGGUNG-JAWAB,0821,Requested,002,BRI,2025-08-12 23:27:22,2025-09-01 15:47:32
BUKA-REK-664A7419C7F1,KOP-B8DCB9727643,351314**********,PENANGGUNG-JAWAB,0812,Requested,002,BRI,2025-08-10 12:14:14,2025-09-01 15:47:32
BUKA-REK-D3CC7D33A3DE,KOP-11EF868AB11E,210204**********,PENANGGUNG-JAWAB,0811,Requested,009,BNI,2025-08-02 01:51:33,2025-09-01 15:47:31
BUKA-REK-F49E9216EC54,KOP-3AA653AC8E0B,631006**********,PENANGGUNG-JAWAB,0813,Requested,002,BRI,2025-07-29 05:53:25,2025-09-01 15:47:30
BUKA-REK-164FCACE99C0,KOP-81F1971705B8,320133**********,PENANGGUNG-JAWAB,0895,Requested,008,MANDIRI,2025-07-28 14:57:36,2025-09-01 15:47:29
BUKA-REK-108A3C4A49A7,KOP-7379F6E9E574,327329**********,PENANGGUNG-JAWAB,0852,Requested,009,BNI,2025-07-24 09:01:54,2025-09-01 15:47:28
BUKA-REK-5C89379E70DD,KOP-B714B0783DD2,750305**********,PENANGGUNG-JAWAB,0852,Requested,002,BRI,2025-07-15 14:24:09,2025-09-01 15:47:28
BUKA-REK-3EA216D99376,KOP-0D3668813371,121322**********,PENANGGUNG-JAWAB,0812,Requested,002,BRI,2025-09-12 09:49:26,2025-09-12 09:49:26
BUKA-REK-D5F831D3E88E,KOP-89AE215F9CF7,117109**********,PENANGGUNG-JAWAB,0812,Requested,451,BSI,2025-09-09 20:28:11,2025-09-09 20:28:11
BUKA-REK-84882E1D4118,KOP-B10523F35440,920503**********,PENANGGUNG-JAWAB,0821,Requested,008,MANDIRI,2025-09-06 20:59:35,2025-09-06 20:59:35
BUKA-REK-6AB10AF62A42,KOP-B5A61E1B84BF,920401**********,PENANGGUNG-JAWAB,0812,Requested,002,BRI,2025-09-02 21:32:18,2025-09-02 21:32:18
BUKA-REK-CE31F5309EAF,KOP-143482E6859B,710512**********,PENANGGUNG-JAWAB,0857,Requested,002,BRI,2025-08-31 20:20:06,2025-09-01 15:47:39
BUKA-REK-0EDC45D4341F,KOP-C8099050DCA6,332002**********,PENANGGUNG-JAWAB,0812,Requested,002,BRI,2025-08-28 19:35:45,2025-09-01 15:47:38
BUKA-REK-28FD5FBC23D3,KOP-782F1E4338A7,167106**********,PENANGGUNG-JAWAB,0878,Requested,008,MANDIRI,2025-08-16 10:44:18,2025-09-01 15:47:33
BUKA-REK-08DAD5CDBF2F,KOP-4BD118124A23,187108**********,PENANGGUNG-JAWAB,0821,Requested,002,BRI,2025-08-06 13:03:33,2025-09-01 15:47:31
BUKA-REK-83B83B820125,KOP-A3E19EED221E,351017**********,PENANGGUNG-JAWAB,0822,Requested,002,BRI,2025-08-01 16:24:40,2025-09-01 15:47:31
BUKA-REK-91EA46657528,KOP-9B2DCAB85CB7,760502**********,PENANGGUNG-JAWAB,0838,Requested,002,BRI,2025-07-31 06:11:19,2025-09-01 15:47:30
BUKA-REK-CACC3733C913,KOP-7D45CF638927,140808**********,PENANGGUNG-JAWAB,0821,Requested,008,MANDIRI,2025-07-30 23:18:09,2025-09-01 15:47:30
BUKA-REK-FD8D957F89C9,KOP-C477611FAC44,320818**********,PENANGGUNG-JAWAB,0812,Requested,002,BRI,2025-07-29 23:11:06,2025-09-01 15:47:30
BUKA-REK-4FB67C0A6C73,KOP-03ADACF28831,190204**********,PENANGGUNG-JAWAB,0819,Requested,002,BRI,2025-07-25 13:06:21,2025-09-01 15:47:29
BUKA-REK-432D43227135,KOP-A06DD3664C87,121320**********,PENANGGUNG-JAWAB,0812,Requested,002,BRI,2025-09-11 20:35:34,2025-09-11 20:35:34
BUKA-REK-D6D2DB89A7D2,KOP-B10523F35440,920503**********,PENANGGUNG-JAWAB,0821,Requested,008,MANDIRI,2025-09-06 20:58:05,2025-09-06 20:58:05
BUKA-REK-D9C07CB01C50,KOP-D4F5D8F84AC5,321526**********,PENANGGUNG-JAWAB,0812,Requested,002,BRI,2025-08-27 20:29:33,2025-09-01 15:47:37
BUKA-REK-41E5F0169E53,KOP-B34B3FB96A3F,111704**********,PENANGGUNG-JAWAB,0822,Requested,451,BSI,2025-08-16 22:14:12,2025-09-01 15:47:33
BUKA-REK-C25DB64CCA83,KOP-E9C248D0D47B,710408**********,PENANGGUNG-JAWAB,0851,Requested,002,BRI,2025-08-16 06:22:06,2025-09-01 15:47:33
BUKA-REK-650DACCCC6F2,KOP-DE8845A4F610,161101**********,PENANGGUNG-JAWAB,0821,Requested,008,MANDIRI,2025-07-30 01:27:52,2025-09-01 15:47:30
BUKA-REK-311836E6C011,KOP-4BD118124A23,187108**********,PENANGGUNG-JAWAB,0821,Requested,002,BRI,2025-07-28 18:51:48,2025-09-01 15:47:29
BUKA-REK-F3ADEC169C08,KOP-81F1971705B8,320133**********,PENANGGUNG-JAWAB,0856,Requested,002,BRI,2025-07-28 14:27:33,2025-09-01 15:47:29
BUKA-REK-15B8B50E2034,KOP-F900AC874DDB,352517**********,PENANGGUNG-JAWAB,0813,Requested,002,BRI,2025-07-27 14:03:22,2025-09-01 15:47:29
BUKA-REK-F0385EA214F1,KOP-B10523F35440,920503**********,PENANGGUNG-JAWAB,0821,Requested,008,MANDIRI,2025-09-06 20:55:32,2025-09-06 20:55:32
BUKA-REK-D3ECD02FB070,KOP-D4F5D8F84AC5,321526**********,PENANGGUNG-JAWAB,0812,Requested,002,BRI,2025-08-27 20:30:18,2025-09-01 15:47:37
BUKA-REK-EEE1C82AFC6E,KOP-AB88E89B508A,710218**********,PENANGGUNG-JAWAB,0813,Requested,002,BRI,2025-08-11 03:10:12,2025-09-01 15:47:32
BUKA-REK-CCEA22EC7CB4,KOP-B6E872120528,160311**********,PENANGGUNG-JAWAB,0895,Requested,002,BRI,2025-07-28 23:17:27,2025-09-01 15:47:29
BUKA-REK-A922DBD124A7,KOP-62F2074313A8,120304**********,PENANGGUNG-JAWAB,0822,Requested,002,BRI,2025-07-25 22:18:53,2025-09-01 15:47:29
BUKA-REK-31FB9E3797DA,KOP-7379F6E9E574,327329**********,PENANGGUNG-JAWAB,0852,Requested,002,BRI,2025-07-24 09:01:54,2025-09-01 15:47:28
BUKA-REK-0083712245C4,KOP-E16C688D892F,350509**********,PENANGGUNG-JAWAB,,Requested,002,BRI,2025-07-14 18:13:10,2025-09-01 15:47:28
BUKA-REK-22142DADFEAB,KOP-B10523F35440,920503**********,PENANGGUNG-JAWAB,0821,Requested,008,MANDIRI,2025-09-06 20:52:02,2025-09-06 20:52:02
BUKA-REK-5F21081C251A,KOP-EE531CFF22F0,332213**********,PENANGGUNG-JAWAB,0819,Requested,002,BRI,2025-08-28 10:48:48,2025-09-01 15:47:37
BUKA-REK-E5678261BD1E,KOP-17345F86D79F,710605**********,PENANGGUNG-JAWAB,0821,Requested,002,BRI,2025-07-29 19:37:03,2025-09-01 15:47:30
BUKA-REK-77C1074F4951,KOP-A5155919701B,150220**********,PENANGGUNG-JAWAB,0822,Requested,002,BRI,2025-07-15 09:45:12,2025-09-01 15:47:28
BUKA-REK-7F2471234398,KOP-91A514336C96,351810**********,PENANGGUNG-JAWAB,0813,Requested,002,BRI,2025-07-14 20:26:42,2025-09-01 15:47:28
BUKA-REK-90B4B32C122A,KOP-1F68563667D5,127704**********,PENANGGUNG-JAWAB,0811,Requested,002,BRI,2025-07-13 22:49:22,2025-09-01 15:47:27
BUKA-REK-B78709D91F4F,KOP-B10523F35440,920503**********,PENANGGUNG-JAWAB,0821,Requested,008,MANDIRI,2025-09-06 20:48:51,2025-09-06 20:48:51
BUKA-REK-936421B857CF,KOP-143482E6859B,710512**********,PENANGGUNG-JAWAB,0857,Requested,002,BRI,2025-07-26 12:36:12,2025-09-01 15:47:29
BUKA-REK-3CEC40ED65DA,KOP-AE38DC6156AD,337415**********,PENANGGUNG-JAWAB,0858,Requested,002,BRI,2025-07-22 20:55:47,2025-09-01 15:47:28
BUKA-REK-5BD137D2717F,KOP-B6E872120528,160311**********,PENANGGUNG-JAWAB,0895,Requested,002,BRI,2025-07-16 20:51:34,2025-09-01 15:47:28
BUKA-REK-D01E7DE95ADC,KOP-A79353540BB2,920518**********,PENANGGUNG-JAWAB,0852,Requested,008,MANDIRI,2025-09-02 08:16:27,2025-09-02 08:16:27
BUKA-REK-5E4DFFC30914,KOP-4BD118124A23,187108**********,PENANGGUNG-JAWAB,0821,Requested,002,BRI,2025-07-23 08:09:59,2025-09-01 15:47:28
BUKA-REK-8983468CFEAE,KOP-A79353540BB2,920518**********,PENANGGUNG-JAWAB,0852,Requested,008,MANDIRI,2025-08-29 22:27:29,2025-09-01 15:47:39
BUKA-REK-1EEA74E41AE4,KOP-A79353540BB2,920518**********,PENANGGUNG-JAWAB,0852,Requested,008,MANDIRI,2025-08-29 22:31:50,2025-09-01 15:47:39
